Workbook
Name CURRENTV: Legenda!$B$1
Name LASTV: Legenda!$B$2

Sheet Agenda2526
A1: 2526 | B1: CV | C1: =CURRENTV -> 46089 | N1: MOD_1 | O1: MOD_2 | P1: MOD_3 | Q1: MOD_4 | R1: MOD_5 | S1: MOD_6 | T1: MOD_7 | U1: MOD_8
D2: G1 | E2: G2 | F2: G3 | G2: G4 | H2: G5 | I2: G6 | J2: Personeel | K2: Algemeen | L2: VIEW | N2: MOD_1 | O2: MOD_2 | P2: MOD_3 | Q2: MOD_4 | R2: MOD_5 | S2: MOD_6 | T2: MOD_7 | U2: MOD_8
A3: 36 | B3: ma | C3: 45901 | D3: =CONCATENATE(CALC2223!A2," ",CALC2223!C2," ",CALC2223!E2) | E3: =CONCATENATE(CALC2223!G2," ",CALC2223!I2," ",CALC2223!K2) | F3: =CONCATENATE(CALC2223!M2," ",CALC2223!O2," ",CALC2223!Q2) | G3: =CONCATENATE(CALC2223!S2," ",CALC2223!U2," ",CALC2223!W2) | H3: =CONCATENATE(CALC2223!Y2," ",CALC2223!AA2," ",CALC2223!AC2) | I3: =CONCATENATE(CALC2223!AE2," ",CALC2223!AG2," ",CALC2223!AI2) | J3: =CONCATENATE(CALC2223!AK2," ",CALC2223!AM2," ",CALC2223!AO2) | K3: =CONCATENATE(CALC2223!AQ2," ",CALC2223!AS2," ",CALC2223!AU2," ",CALC2223!AW2) -> personeelsdag | L3: =IF(C3<TODAY(),"verleden","actueel") -> verleden | N3: =OR(VALUE(CALC2223!B2)>VALUE(LASTV),VALUE(CALC2223!D2)>VALUE(LASTV),VALUE(CALC2223!F2)>VALUE(LASTV)) -> FALSE | O3: =OR(VALUE(CALC2223!H2)>VALUE(LASTV),VALUE(CALC2223!J2)>VALUE(LASTV),VALUE(CALC2223!L2)>VALUE(LASTV)) -> FALSE | P3: =OR(VALUE(CALC2223!N2)>VALUE(LASTV),VALUE(CALC2223!P2)>VALUE(LASTV),VALUE(CALC2223!R2)>VALUE(LASTV)) -> FALSE | Q3: =OR(VALUE(CALC2223!T2)>VALUE(LASTV),VALUE(CALC2223!V2)>VALUE(LASTV),VALUE(CALC2223!X2)>VALUE(LASTV)) -> FALSE | R3: =OR(VALUE(CALC2223!Z2)>VALUE(LASTV),VALUE(CALC2223!AB2)>VALUE(LASTV),VALUE(CALC2223!AD2)>VALUE(LASTV)) -> FALSE | S3: =OR(VALUE(CALC2223!AF2)>VALUE(LASTV),VALUE(CALC2223!AH2)>VALUE(LASTV),VALUE(CALC2223!AJ2)>VALUE(LASTV)) -> FALSE | T3: =OR(VALUE(CALC2223!AL2)>VALUE(LASTV),VALUE(CALC2223!AN2)>VALUE(LASTV),VALUE(CALC2223!AP2)>VALUE(LASTV)) -> FALSE | U3: =OR(VALUE(CALC2223!AR2)>VALUE(LASTV),VALUE(CALC2223!AT2)>VALUE(LASTV),VALUE(CALC2223!AV2)>VALUE(LASTV)) -> FALSE
B4: di | C4: 45902 | D4: =CONCATENATE(CALC2223!A3," ",CALC2223!C3," ",CALC2223!E3) | E4: =CONCATENATE(CALC2223!G3," ",CALC2223!I3," ",CALC2223!K3) | F4: =CONCATENATE(CALC2223!M3," ",CALC2223!O3," ",CALC2223!Q3) | G4: =CONCATENATE(CALC2223!S3," ",CALC2223!U3," ",CALC2223!W3) | H4: =CONCATENATE(CALC2223!Y3," ",CALC2223!AA3," ",CALC2223!AC3) | I4: =CONCATENATE(CALC2223!AE3," ",CALC2223!AG3," ",CALC2223!AI3) | J4: =CONCATENATE(CALC2223!AK3," ",CALC2223!AM3," ",CALC2223!AO3) | K4: =CONCATENATE(CALC2223!AQ3," ",CALC2223!AS3," ",CALC2223!AU3," ",CALC2223!AW3) -> CGUweek1; fotograaf | L4: =IF(C4<TODAY(),"verleden","actueel") -> verleden | N4: =OR(VALUE(CALC2223!B3)>VALUE(LASTV),VALUE(CALC2223!D3)>VALUE(LASTV),VALUE(CALC2223!F3)>VALUE(LASTV)) -> FALSE | O4: =OR(VALUE(CALC2223!H3)>VALUE(LASTV),VALUE(CALC2223!J3)>VALUE(LASTV),VALUE(CALC2223!L3)>VALUE(LASTV)) -> FALSE | P4: =OR(VALUE(CALC2223!N3)>VALUE(LASTV),VALUE(CALC2223!P3)>VALUE(LASTV),VALUE(CALC2223!R3)>VALUE(LASTV)) -> FALSE | Q4: =OR(VALUE(CALC2223!T3)>VALUE(LASTV),VALUE(CALC2223!V3)>VALUE(LASTV),VALUE(CALC2223!X3)>VALUE(LASTV)) -> FALSE | R4: =OR(VALUE(CALC2223!Z3)>VALUE(LASTV),VALUE(CALC2223!AB3)>VALUE(LASTV),VALUE(CALC2223!AD3)>VALUE(LASTV)) -> FALSE | S4: =OR(VALUE(CALC2223!AF3)>VALUE(LASTV),VALUE(CALC2223!AH3)>VALUE(LASTV),VALUE(CALC2223!AJ3)>VALUE(LASTV)) -> FALSE | T4: =OR(VALUE(CALC2223!AL3)>VALUE(LASTV),VALUE(CALC2223!AN3)>VALUE(LASTV),VALUE(CALC2223!AP3)>VALUE(LASTV)) -> FALSE | U4: =OR(VALUE(CALC2223!AR3)>VALUE(LASTV),VALUE(CALC2223!AT3)>VALUE(LASTV),VALUE(CALC2223!AV3)>VALUE(LASTV)) -> FALSE
B5: wo | C5: 45903 | D5: =CONCATENATE(CALC2223!A4," ",CALC2223!C4," ",CALC2223!E4) | E5: =CONCATENATE(CALC2223!G4," ",CALC2223!I4," ",CALC2223!K4) | F5: =CONCATENATE(CALC2223!M4," ",CALC2223!O4," ",CALC2223!Q4) | G5: =CONCATENATE(CALC2223!S4," ",CALC2223!U4," ",CALC2223!W4) | H5: =CONCATENATE(CALC2223!Y4," ",CALC2223!AA4," ",CALC2223!AC4) | I5: =CONCATENATE(CALC2223!AE4," ",CALC2223!AG4," ",CALC2223!AI4) | J5: =CONCATENATE(CALC2223!AK4," ",CALC2223!AM4," ",CALC2223!AO4) | K5: =CONCATENATE(CALC2223!AQ4," ",CALC2223!AS4," ",CALC2223!AU4," ",CALC2223!AW4) | L5: =IF(C5<TODAY(),"verleden","actueel") -> verleden | N5: =OR(VALUE(CALC2223!B4)>VALUE(LASTV),VALUE(CALC2223!D4)>VALUE(LASTV),VALUE(CALC2223!F4)>VALUE(LASTV)) -> FALSE | O5: =OR(VALUE(CALC2223!H4)>VALUE(LASTV),VALUE(CALC2223!J4)>VALUE(LASTV),VALUE(CALC2223!L4)>VALUE(LASTV)) -> FALSE | P5: =OR(VALUE(CALC2223!N4)>VALUE(LASTV),VALUE(CALC2223!P4)>VALUE(LASTV),VALUE(CALC2223!R4)>VALUE(LASTV)) -> FALSE | Q5: =OR(VALUE(CALC2223!T4)>VALUE(LASTV),VALUE(CALC2223!V4)>VALUE(LASTV),VALUE(CALC2223!X4)>VALUE(LASTV)) -> FALSE | R5: =OR(VALUE(CALC2223!Z4)>VALUE(LASTV),VALUE(CALC2223!AB4)>VALUE(LASTV),VALUE(CALC2223!AD4)>VALUE(LASTV)) -> FALSE | S5: =OR(VALUE(CALC2223!AF4)>VALUE(LASTV),VALUE(CALC2223!AH4)>VALUE(LASTV),VALUE(CALC2223!AJ4)>VALUE(LASTV)) -> FALSE | T5: =OR(VALUE(CALC2223!AL4)>VALUE(LASTV),VALUE(CALC2223!AN4)>VALUE(LASTV),VALUE(CALC2223!AP4)>VALUE(LASTV)) -> FALSE | U5: =OR(VALUE(CALC2223!AR4)>VALUE(LASTV),VALUE(CALC2223!AT4)>VALUE(LASTV),VALUE(CALC2223!AV4)>VALUE(LASTV)) -> FALSE
B6: do | C6: 45904 | D6: =CONCATENATE(CALC2223!A5," ",CALC2223!C5," ",CALC2223!E5) | E6: =CONCATENATE(CALC2223!G5," ",CALC2223!I5," ",CALC2223!K5) | F6: =CONCATENATE(CALC2223!M5," ",CALC2223!O5," ",CALC2223!Q5) | G6: =CONCATENATE(CALC2223!S5," ",CALC2223!U5," ",CALC2223!W5) | H6: =CONCATENATE(CALC2223!Y5," ",CALC2223!AA5," ",CALC2223!AC5) | I6: =CONCATENATE(CALC2223!AE5," ",CALC2223!AG5," ",CALC2223!AI5) | J6: =CONCATENATE(CALC2223!AK5," ",CALC2223!AM5," ",CALC2223!AO5) -> secties#1 | K6: =CONCATENATE(CALC2223!AQ5," ",CALC2223!AS5," ",CALC2223!AU5," ",CALC2223!AW5) -> ouderavond brugklas | L6: =IF(C6<TODAY(),"verleden","actueel") -> verleden | N6: =OR(VALUE(CALC2223!B5)>VALUE(LASTV),VALUE(CALC2223!D5)>VALUE(LASTV),VALUE(CALC2223!F5)>VALUE(LASTV)) -> FALSE | O6: =OR(VALUE(CALC2223!H5)>VALUE(LASTV),VALUE(CALC2223!J5)>VALUE(LASTV),VALUE(CALC2223!L5)>VALUE(LASTV)) -> FALSE | P6: =OR(VALUE(CALC2223!N5)>VALUE(LASTV),VALUE(CALC2223!P5)>VALUE(LASTV),VALUE(CALC2223!R5)>VALUE(LASTV)) -> FALSE | Q6: =OR(VALUE(CALC2223!T5)>VALUE(LASTV),VALUE(CALC2223!V5)>VALUE(LASTV),VALUE(CALC2223!X5)>VALUE(LASTV)) -> FALSE | R6: =OR(VALUE(CALC2223!Z5)>VALUE(LASTV),VALUE(CALC2223!AB5)>VALUE(LASTV),VALUE(CALC2223!AD5)>VALUE(LASTV)) -> FALSE | S6: =OR(VALUE(CALC2223!AF5)>VALUE(LASTV),VALUE(CALC2223!AH5)>VALUE(LASTV),VALUE(CALC2223!AJ5)>VALUE(LASTV)) -> FALSE | T6: =OR(VALUE(CALC2223!AL5)>VALUE(LASTV),VALUE(CALC2223!AN5)>VALUE(LASTV),VALUE(CALC2223!AP5)>VALUE(LASTV)) -> FALSE | U6: =OR(VALUE(CALC2223!AR5)>VALUE(LASTV),VALUE(CALC2223!AT5)>VALUE(LASTV),VALUE(CALC2223!AV5)>VALUE(LASTV)) -> FALSE
B7: vr | C7: 45905 | D7: =CONCATENATE(CALC2223!A6," ",CALC2223!C6," ",CALC2223!E6) | E7: =CONCATENATE(CALC2223!G6," ",CALC2223!I6," ",CALC2223!K6) | F7: =CONCATENATE(CALC2223!M6," ",CALC2223!O6," ",CALC2223!Q6) | G7: =CONCATENATE(CALC2223!S6," ",CALC2223!U6," ",CALC2223!W6) | H7: =CONCATENATE(CALC2223!Y6," ",CALC2223!AA6," ",CALC2223!AC6) | I7: =CONCATENATE(CALC2223!AE6," ",CALC2223!AG6," ",CALC2223!AI6) -> opgave herkansingen 17 uur | J7: =CONCATENATE(CALC2223!AK6," ",CALC2223!AM6," ",CALC2223!AO6) | K7: =CONCATENATE(CALC2223!AQ6," ",CALC2223!AS6," ",CALC2223!AU6," ",CALC2223!AW6) -> start lessen Lacadeia middag | L7: =IF(C7<TODAY(),"verleden","actueel") -> verleden | N7: =OR(VALUE(CALC2223!B6)>VALUE(LASTV),VALUE(CALC2223!D6)>VALUE(LASTV),VALUE(CALC2223!F6)>VALUE(LASTV)) -> FALSE | O7: =OR(VALUE(CALC2223!H6)>VALUE(LASTV),VALUE(CALC2223!J6)>VALUE(LASTV),VALUE(CALC2223!L6)>VALUE(LASTV)) -> FALSE | P7: =OR(VALUE(CALC2223!N6)>VALUE(LASTV),VALUE(CALC2223!P6)>VALUE(LASTV),VALUE(CALC2223!R6)>VALUE(LASTV)) -> FALSE | Q7: =OR(VALUE(CALC2223!T6)>VALUE(LASTV),VALUE(CALC2223!V6)>VALUE(LASTV),VALUE(CALC2223!X6)>VALUE(LASTV)) -> FALSE | R7: =OR(VALUE(CALC2223!Z6)>VALUE(LASTV),VALUE(CALC2223!AB6)>VALUE(LASTV),VALUE(CALC2223!AD6)>VALUE(LASTV)) -> FALSE | S7: =OR(VALUE(CALC2223!AF6)>VALUE(LASTV),VALUE(CALC2223!AH6)>VALUE(LASTV),VALUE(CALC2223!AJ6)>VALUE(LASTV)) -> FALSE | T7: =OR(VALUE(CALC2223!AL6)>VALUE(LASTV),VALUE(CALC2223!AN6)>VALUE(LASTV),VALUE(CALC2223!AP6)>VALUE(LASTV)) -> FALSE | U7: =OR(VALUE(CALC2223!AR6)>VALUE(LASTV),VALUE(CALC2223!AT6)>VALUE(LASTV),VALUE(CALC2223!AV6)>VALUE(LASTV)) -> FALSE
B8: za | C8: 45906 | D8: =CONCATENATE(CALC2223!A7," ",CALC2223!C7," ",CALC2223!E7) | E8: =CONCATENATE(CALC2223!G7," ",CALC2223!I7," ",CALC2223!K7) | F8: =CONCATENATE(CALC2223!M7," ",CALC2223!O7," ",CALC2223!Q7) | G8: =CONCATENATE(CALC2223!S7," ",CALC2223!U7," ",CALC2223!W7) | H8: =CONCATENATE(CALC2223!Y7," ",CALC2223!AA7," ",CALC2223!AC7) | I8: =CONCATENATE(CALC2223!AE7," ",CALC2223!AG7," ",CALC2223!AI7) | J8: =CONCATENATE(CALC2223!AK7," ",CALC2223!AM7," ",CALC2223!AO7) | K8: =CONCATENATE(CALC2223!AQ7," ",CALC2223!AS7," ",CALC2223!AU7," ",CALC2223!AW7) | L8: =IF(C8<TODAY(),"verleden","actueel") -> verleden | N8: =OR(VALUE(CALC2223!B7)>VALUE(LASTV),VALUE(CALC2223!D7)>VALUE(LASTV),VALUE(CALC2223!F7)>VALUE(LASTV)) -> FALSE | O8: =OR(VALUE(CALC2223!H7)>VALUE(LASTV),VALUE(CALC2223!J7)>VALUE(LASTV),VALUE(CALC2223!L7)>VALUE(LASTV)) -> FALSE | P8: =OR(VALUE(CALC2223!N7)>VALUE(LASTV),VALUE(CALC2223!P7)>VALUE(LASTV),VALUE(CALC2223!R7)>VALUE(LASTV)) -> FALSE | Q8: =OR(VALUE(CALC2223!T7)>VALUE(LASTV),VALUE(CALC2223!V7)>VALUE(LASTV),VALUE(CALC2223!X7)>VALUE(LASTV)) -> FALSE | R8: =OR(VALUE(CALC2223!Z7)>VALUE(LASTV),VALUE(CALC2223!AB7)>VALUE(LASTV),VALUE(CALC2223!AD7)>VALUE(LASTV)) -> FALSE | S8: =OR(VALUE(CALC2223!AF7)>VALUE(LASTV),VALUE(CALC2223!AH7)>VALUE(LASTV),VALUE(CALC2223!AJ7)>VALUE(LASTV)) -> FALSE | T8: =OR(VALUE(CALC2223!AL7)>VALUE(LASTV),VALUE(CALC2223!AN7)>VALUE(LASTV),VALUE(CALC2223!AP7)>VALUE(LASTV)) -> FALSE | U8: =OR(VALUE(CALC2223!AR7)>VALUE(LASTV),VALUE(CALC2223!AT7)>VALUE(LASTV),VALUE(CALC2223!AV7)>VALUE(LASTV)) -> FALSE
B9: zo | C9: 45907 | D9: =CONCATENATE(CALC2223!A8," ",CALC2223!C8," ",CALC2223!E8) | E9: =CONCATENATE(CALC2223!G8," ",CALC2223!I8," ",CALC2223!K8) | F9: =CONCATENATE(CALC2223!M8," ",CALC2223!O8," ",CALC2223!Q8) | G9: =CONCATENATE(CALC2223!S8," ",CALC2223!U8," ",CALC2223!W8) | H9: =CONCATENATE(CALC2223!Y8," ",CALC2223!AA8," ",CALC2223!AC8) | I9: =CONCATENATE(CALC2223!AE8," ",CALC2223!AG8," ",CALC2223!AI8) | J9: =CONCATENATE(CALC2223!AK8," ",CALC2223!AM8," ",CALC2223!AO8) | K9: =CONCATENATE(CALC2223!AQ8," ",CALC2223!AS8," ",CALC2223!AU8," ",CALC2223!AW8) | L9: =IF(C9<TODAY(),"verleden","actueel") -> verleden | N9: =OR(VALUE(CALC2223!B8)>VALUE(LASTV),VALUE(CALC2223!D8)>VALUE(LASTV),VALUE(CALC2223!F8)>VALUE(LASTV)) -> FALSE | O9: =OR(VALUE(CALC2223!H8)>VALUE(LASTV),VALUE(CALC2223!J8)>VALUE(LASTV),VALUE(CALC2223!L8)>VALUE(LASTV)) -> FALSE | P9: =OR(VALUE(CALC2223!N8)>VALUE(LASTV),VALUE(CALC2223!P8)>VALUE(LASTV),VALUE(CALC2223!R8)>VALUE(LASTV)) -> FALSE | Q9: =OR(VALUE(CALC2223!T8)>VALUE(LASTV),VALUE(CALC2223!V8)>VALUE(LASTV),VALUE(CALC2223!X8)>VALUE(LASTV)) -> FALSE | R9: =OR(VALUE(CALC2223!Z8)>VALUE(LASTV),VALUE(CALC2223!AB8)>VALUE(LASTV),VALUE(CALC2223!AD8)>VALUE(LASTV)) -> FALSE | S9: =OR(VALUE(CALC2223!AF8)>VALUE(LASTV),VALUE(CALC2223!AH8)>VALUE(LASTV),VALUE(CALC2223!AJ8)>VALUE(LASTV)) -> FALSE | T9: =OR(VALUE(CALC2223!AL8)>VALUE(LASTV),VALUE(CALC2223!AN8)>VALUE(LASTV),VALUE(CALC2223!AP8)>VALUE(LASTV)) -> FALSE | U9: =OR(VALUE(CALC2223!AR8)>VALUE(LASTV),VALUE(CALC2223!AT8)>VALUE(LASTV),VALUE(CALC2223!AV8)>VALUE(LASTV)) -> FALSE
A10: 37 | B10: ma | C10: 45908 | D10: =CONCATENATE(CALC2223!A9," ",CALC2223!C9," ",CALC2223!E9) | E10: =CONCATENATE(CALC2223!G9," ",CALC2223!I9," ",CALC2223!K9) | F10: =CONCATENATE(CALC2223!M9," ",CALC2223!O9," ",CALC2223!Q9) | G10: =CONCATENATE(CALC2223!S9," ",CALC2223!U9," ",CALC2223!W9) | H10: =CONCATENATE(CALC2223!Y9," ",CALC2223!AA9," ",CALC2223!AC9) | I10: =CONCATENATE(CALC2223!AE9," ",CALC2223!AG9," ",CALC2223!AI9) | J10: =CONCATENATE(CALC2223!AK9," ",CALC2223!AM9," ",CALC2223!AO9) | K10: =CONCATENATE(CALC2223!AQ9," ",CALC2223!AS9," ",CALC2223!AU9," ",CALC2223!AW9) | L10: =IF(C10<TODAY(),"verleden","actueel") -> verleden | N10: =OR(VALUE(CALC2223!B9)>VALUE(LASTV),VALUE(CALC2223!D9)>VALUE(LASTV),VALUE(CALC2223!F9)>VALUE(LASTV)) -> FALSE | O10: =OR(VALUE(CALC2223!H9)>VALUE(LASTV),VALUE(CALC2223!J9)>VALUE(LASTV),VALUE(CALC2223!L9)>VALUE(LASTV)) -> FALSE | P10: =OR(VALUE(CALC2223!N9)>VALUE(LASTV),VALUE(CALC2223!P9)>VALUE(LASTV),VALUE(CALC2223!R9)>VALUE(LASTV)) -> FALSE | Q10: =OR(VALUE(CALC2223!T9)>VALUE(LASTV),VALUE(CALC2223!V9)>VALUE(LASTV),VALUE(CALC2223!X9)>VALUE(LASTV)) -> FALSE | R10: =OR(VALUE(CALC2223!Z9)>VALUE(LASTV),VALUE(CALC2223!AB9)>VALUE(LASTV),VALUE(CALC2223!AD9)>VALUE(LASTV)) -> FALSE | S10: =OR(VALUE(CALC2223!AF9)>VALUE(LASTV),VALUE(CALC2223!AH9)>VALUE(LASTV),VALUE(CALC2223!AJ9)>VALUE(LASTV)) -> FALSE | T10: =OR(VALUE(CALC2223!AL9)>VALUE(LASTV),VALUE(CALC2223!AN9)>VALUE(LASTV),VALUE(CALC2223!AP9)>VALUE(LASTV)) -> FALSE | U10: =OR(VALUE(CALC2223!AR9)>VALUE(LASTV),VALUE(CALC2223!AT9)>VALUE(LASTV),VALUE(CALC2223!AV9)>VALUE(LASTV)) -> FALSE
B11: di | C11: 45909 | D11: =CONCATENATE(CALC2223!A10," ",CALC2223!C10," ",CALC2223!E10) | E11: =CONCATENATE(CALC2223!G10," ",CALC2223!I10," ",CALC2223!K10) | F11: =CONCATENATE(CALC2223!M10," ",CALC2223!O10," ",CALC2223!Q10) | G11: =CONCATENATE(CALC2223!S10," ",CALC2223!U10," ",CALC2223!W10) | H11: =CONCATENATE(CALC2223!Y10," ",CALC2223!AA10," ",CALC2223!AC10) | I11: =CONCATENATE(CALC2223!AE10," ",CALC2223!AG10," ",CALC2223!AI10) | J11: =CONCATENATE(CALC2223!AK10," ",CALC2223!AM10," ",CALC2223!AO10) | K11: =CONCATENATE(CALC2223!AQ10," ",CALC2223!AS10," ",CALC2223!AU10," ",CALC2223!AW10) | L11: =IF(C11<TODAY(),"verleden","actueel") -> verleden | N11: =OR(VALUE(CALC2223!B10)>VALUE(LASTV),VALUE(CALC2223!D10)>VALUE(LASTV),VALUE(CALC2223!F10)>VALUE(LASTV)) -> FALSE | O11: =OR(VALUE(CALC2223!H10)>VALUE(LASTV),VALUE(CALC2223!J10)>VALUE(LASTV),VALUE(CALC2223!L10)>VALUE(LASTV)) -> FALSE | P11: =OR(VALUE(CALC2223!N10)>VALUE(LASTV),VALUE(CALC2223!P10)>VALUE(LASTV),VALUE(CALC2223!R10)>VALUE(LASTV)) -> FALSE | Q11: =OR(VALUE(CALC2223!T10)>VALUE(LASTV),VALUE(CALC2223!V10)>VALUE(LASTV),VALUE(CALC2223!X10)>VALUE(LASTV)) -> FALSE | R11: =OR(VALUE(CALC2223!Z10)>VALUE(LASTV),VALUE(CALC2223!AB10)>VALUE(LASTV),VALUE(CALC2223!AD10)>VALUE(LASTV)) -> FALSE | S11: =OR(VALUE(CALC2223!AF10)>VALUE(LASTV),VALUE(CALC2223!AH10)>VALUE(LASTV),VALUE(CALC2223!AJ10)>VALUE(LASTV)) -> FALSE | T11: =OR(VALUE(CALC2223!AL10)>VALUE(LASTV),VALUE(CALC2223!AN10)>VALUE(LASTV),VALUE(CALC2223!AP10)>VALUE(LASTV)) -> FALSE | U11: =OR(VALUE(CALC2223!AR10)>VALUE(LASTV),VALUE(CALC2223!AT10)>VALUE(LASTV),VALUE(CALC2223!AV10)>VALUE(LASTV)) -> FALSE
B12: wo | C12: 45910 | D12: =CONCATENATE(CALC2223!A11," ",CALC2223!C11," ",CALC2223!E11) | E12: =CONCATENATE(CALC2223!G11," ",CALC2223!I11," ",CALC2223!K11) | F12: =CONCATENATE(CALC2223!M11," ",CALC2223!O11," ",CALC2223!Q11) | G12: =CONCATENATE(CALC2223!S11," ",CALC2223!U11," ",CALC2223!W11) | H12: =CONCATENATE(CALC2223!Y11," ",CALC2223!AA11," ",CALC2223!AC11) | I12: =CONCATENATE(CALC2223!AE11," ",CALC2223!AG11," ",CALC2223!AI11) | J12: =CONCATENATE(CALC2223!AK11," ",CALC2223!AM11," ",CALC2223!AO11) | K12: =CONCATENATE(CALC2223!AQ11," ",CALC2223!AS11," ",CALC2223!AU11," ",CALC2223!AW11) | L12: =IF(C12<TODAY(),"verleden","actueel") -> verleden | N12: =OR(VALUE(CALC2223!B11)>VALUE(LASTV),VALUE(CALC2223!D11)>VALUE(LASTV),VALUE(CALC2223!F11)>VALUE(LASTV)) -> FALSE | O12: =OR(VALUE(CALC2223!H11)>VALUE(LASTV),VALUE(CALC2223!J11)>VALUE(LASTV),VALUE(CALC2223!L11)>VALUE(LASTV)) -> FALSE | P12: =OR(VALUE(CALC2223!N11)>VALUE(LASTV),VALUE(CALC2223!P11)>VALUE(LASTV),VALUE(CALC2223!R11)>VALUE(LASTV)) -> FALSE | Q12: =OR(VALUE(CALC2223!T11)>VALUE(LASTV),VALUE(CALC2223!V11)>VALUE(LASTV),VALUE(CALC2223!X11)>VALUE(LASTV)) -> FALSE | R12: =OR(VALUE(CALC2223!Z11)>VALUE(LASTV),VALUE(CALC2223!AB11)>VALUE(LASTV),VALUE(CALC2223!AD11)>VALUE(LASTV)) -> FALSE | S12: =OR(VALUE(CALC2223!AF11)>VALUE(LASTV),VALUE(CALC2223!AH11)>VALUE(LASTV),VALUE(CALC2223!AJ11)>VALUE(LASTV)) -> FALSE | T12: =OR(VALUE(CALC2223!AL11)>VALUE(LASTV),VALUE(CALC2223!AN11)>VALUE(LASTV),VALUE(CALC2223!AP11)>VALUE(LASTV)) -> FALSE | U12: =OR(VALUE(CALC2223!AR11)>VALUE(LASTV),VALUE(CALC2223!AT11)>VALUE(LASTV),VALUE(CALC2223!AV11)>VALUE(LASTV)) -> FALSE
B13: do | C13: 45911 | D13: =CONCATENATE(CALC2223!A12," ",CALC2223!C12," ",CALC2223!E12) | E13: =CONCATENATE(CALC2223!G12," ",CALC2223!I12," ",CALC2223!K12) | F13: =CONCATENATE(CALC2223!M12," ",CALC2223!O12," ",CALC2223!Q12) | G13: =CONCATENATE(CALC2223!S12," ",CALC2223!U12," ",CALC2223!W12) | H13: =CONCATENATE(CALC2223!Y12," ",CALC2223!AA12," ",CALC2223!AC12) | I13: =CONCATENATE(CALC2223!AE12," ",CALC2223!AG12," ",CALC2223!AI12) | J13: =CONCATENATE(CALC2223!AK12," ",CALC2223!AM12," ",CALC2223!AO12) -> mentoren#1/ Claudia Visser over signaleren HB leerlingen | K13: =CONCATENATE(CALC2223!AQ12," ",CALC2223!AS12," ",CALC2223!AU12," ",CALC2223!AW12) | L13: =IF(C13<TODAY(),"verleden","actueel") -> verleden | N13: =OR(VALUE(CALC2223!B12)>VALUE(LASTV),VALUE(CALC2223!D12)>VALUE(LASTV),VALUE(CALC2223!F12)>VALUE(LASTV)) -> FALSE | O13: =OR(VALUE(CALC2223!H12)>VALUE(LASTV),VALUE(CALC2223!J12)>VALUE(LASTV),VALUE(CALC2223!L12)>VALUE(LASTV)) -> FALSE | P13: =OR(VALUE(CALC2223!N12)>VALUE(LASTV),VALUE(CALC2223!P12)>VALUE(LASTV),VALUE(CALC2223!R12)>VALUE(LASTV)) -> FALSE | Q13: =OR(VALUE(CALC2223!T12)>VALUE(LASTV),VALUE(CALC2223!V12)>VALUE(LASTV),VALUE(CALC2223!X12)>VALUE(LASTV)) -> FALSE | R13: =OR(VALUE(CALC2223!Z12)>VALUE(LASTV),VALUE(CALC2223!AB12)>VALUE(LASTV),VALUE(CALC2223!AD12)>VALUE(LASTV)) -> FALSE | S13: =OR(VALUE(CALC2223!AF12)>VALUE(LASTV),VALUE(CALC2223!AH12)>VALUE(LASTV),VALUE(CALC2223!AJ12)>VALUE(LASTV)) -> FALSE | T13: =OR(VALUE(CALC2223!AL12)>VALUE(LASTV),VALUE(CALC2223!AN12)>VALUE(LASTV),VALUE(CALC2223!AP12)>VALUE(LASTV)) -> FALSE | U13: =OR(VALUE(CALC2223!AR12)>VALUE(LASTV),VALUE(CALC2223!AT12)>VALUE(LASTV),VALUE(CALC2223!AV12)>VALUE(LASTV)) -> FALSE
B14: vr | C14: 45912 | D14: =CONCATENATE(CALC2223!A13," ",CALC2223!C13," ",CALC2223!E13) | E14: =CONCATENATE(CALC2223!G13," ",CALC2223!I13," ",CALC2223!K13) | F14: =CONCATENATE(CALC2223!M13," ",CALC2223!O13," ",CALC2223!Q13) | G14: =CONCATENATE(CALC2223!S13," ",CALC2223!U13," ",CALC2223!W13) | H14: =CONCATENATE(CALC2223!Y13," ",CALC2223!AA13," ",CALC2223!AC13) -> opgave herkansing ANW | I14: =CONCATENATE(CALC2223!AE13," ",CALC2223!AG13," ",CALC2223!AI13) -> herkansen (geen les) | J14: =CONCATENATE(CALC2223!AK13," ",CALC2223!AM13," ",CALC2223!AO13) | K14: =CONCATENATE(CALC2223!AQ13," ",CALC2223!AS13," ",CALC2223!AU13," ",CALC2223!AW13) | L14: =IF(C14<TODAY(),"verleden","actueel") -> verleden | N14: =OR(VALUE(CALC2223!B13)>VALUE(LASTV),VALUE(CALC2223!D13)>VALUE(LASTV),VALUE(CALC2223!F13)>VALUE(LASTV)) -> FALSE | O14: =OR(VALUE(CALC2223!H13)>VALUE(LASTV),VALUE(CALC2223!J13)>VALUE(LASTV),VALUE(CALC2223!L13)>VALUE(LASTV)) -> FALSE | P14: =OR(VALUE(CALC2223!N13)>VALUE(LASTV),VALUE(CALC2223!P13)>VALUE(LASTV),VALUE(CALC2223!R13)>VALUE(LASTV)) -> FALSE | Q14: =OR(VALUE(CALC2223!T13)>VALUE(LASTV),VALUE(CALC2223!V13)>VALUE(LASTV),VALUE(CALC2223!X13)>VALUE(LASTV)) -> FALSE | R14: =OR(VALUE(CALC2223!Z13)>VALUE(LASTV),VALUE(CALC2223!AB13)>VALUE(LASTV),VALUE(CALC2223!AD13)>VALUE(LASTV)) -> FALSE | S14: =OR(VALUE(CALC2223!AF13)>VALUE(LASTV),VALUE(CALC2223!AH13)>VALUE(LASTV),VALUE(CALC2223!AJ13)>VALUE(LASTV)) -> FALSE | T14: =OR(VALUE(CALC2223!AL13)>VALUE(LASTV),VALUE(CALC2223!AN13)>VALUE(LASTV),VALUE(CALC2223!AP13)>VALUE(LASTV)) -> FALSE | U14: =OR(VALUE(CALC2223!AR13)>VALUE(LASTV),VALUE(CALC2223!AT13)>VALUE(LASTV),VALUE(CALC2223!AV13)>VALUE(LASTV)) -> FALSE
B15: za | C15: 45913 | D15: =CONCATENATE(CALC2223!A14," ",CALC2223!C14," ",CALC2223!E14) | E15: =CONCATENATE(CALC2223!G14," ",CALC2223!I14," ",CALC2223!K14) | F15: =CONCATENATE(CALC2223!M14," ",CALC2223!O14," ",CALC2223!Q14) | G15: =CONCATENATE(CALC2223!S14," ",CALC2223!U14," ",CALC2223!W14) | H15: =CONCATENATE(CALC2223!Y14," ",CALC2223!AA14," ",CALC2223!AC14) | I15: =CONCATENATE(CALC2223!AE14," ",CALC2223!AG14," ",CALC2223!AI14) | J15: =CONCATENATE(CALC2223!AK14," ",CALC2223!AM14," ",CALC2223!AO14) | K15: =CONCATENATE(CALC2223!AQ14," ",CALC2223!AS14," ",CALC2223!AU14," ",CALC2223!AW14) | L15: =IF(C15<TODAY(),"verleden","actueel") -> verleden | N15: =OR(VALUE(CALC2223!B14)>VALUE(LASTV),VALUE(CALC2223!D14)>VALUE(LASTV),VALUE(CALC2223!F14)>VALUE(LASTV)) -> FALSE | O15: =OR(VALUE(CALC2223!H14)>VALUE(LASTV),VALUE(CALC2223!J14)>VALUE(LASTV),VALUE(CALC2223!L14)>VALUE(LASTV)) -> FALSE | P15: =OR(VALUE(CALC2223!N14)>VALUE(LASTV),VALUE(CALC2223!P14)>VALUE(LASTV),VALUE(CALC2223!R14)>VALUE(LASTV)) -> FALSE | Q15: =OR(VALUE(CALC2223!T14)>VALUE(LASTV),VALUE(CALC2223!V14)>VALUE(LASTV),VALUE(CALC2223!X14)>VALUE(LASTV)) -> FALSE | R15: =OR(VALUE(CALC2223!Z14)>VALUE(LASTV),VALUE(CALC2223!AB14)>VALUE(LASTV),VALUE(CALC2223!AD14)>VALUE(LASTV)) -> FALSE | S15: =OR(VALUE(CALC2223!AF14)>VALUE(LASTV),VALUE(CALC2223!AH14)>VALUE(LASTV),VALUE(CALC2223!AJ14)>VALUE(LASTV)) -> FALSE | T15: =OR(VALUE(CALC2223!AL14)>VALUE(LASTV),VALUE(CALC2223!AN14)>VALUE(LASTV),VALUE(CALC2223!AP14)>VALUE(LASTV)) -> FALSE | U15: =OR(VALUE(CALC2223!AR14)>VALUE(LASTV),VALUE(CALC2223!AT14)>VALUE(LASTV),VALUE(CALC2223!AV14)>VALUE(LASTV)) -> FALSE
B16: zo | C16: 45914 | D16: =CONCATENATE(CALC2223!A15," ",CALC2223!C15," ",CALC2223!E15) | E16: =CONCATENATE(CALC2223!G15," ",CALC2223!I15," ",CALC2223!K15) | F16: =CONCATENATE(CALC2223!M15," ",CALC2223!O15," ",CALC2223!Q15) | G16: =CONCATENATE(CALC2223!S15," ",CALC2223!U15," ",CALC2223!W15) | H16: =CONCATENATE(CALC2223!Y15," ",CALC2223!AA15," ",CALC2223!AC15) | I16: =CONCATENATE(CALC2223!AE15," ",CALC2223!AG15," ",CALC2223!AI15) | J16: =CONCATENATE(CALC2223!AK15," ",CALC2223!AM15," ",CALC2223!AO15) | K16: =CONCATENATE(CALC2223!AQ15," ",CALC2223!AS15," ",CALC2223!AU15," ",CALC2223!AW15) | L16: =IF(C16<TODAY(),"verleden","actueel") -> verleden | N16: =OR(VALUE(CALC2223!B15)>VALUE(LASTV),VALUE(CALC2223!D15)>VALUE(LASTV),VALUE(CALC2223!F15)>VALUE(LASTV)) -> FALSE | O16: =OR(VALUE(CALC2223!H15)>VALUE(LASTV),VALUE(CALC2223!J15)>VALUE(LASTV),VALUE(CALC2223!L15)>VALUE(LASTV)) -> FALSE | P16: =OR(VALUE(CALC2223!N15)>VALUE(LASTV),VALUE(CALC2223!P15)>VALUE(LASTV),VALUE(CALC2223!R15)>VALUE(LASTV)) -> FALSE | Q16: =OR(VALUE(CALC2223!T15)>VALUE(LASTV),VALUE(CALC2223!V15)>VALUE(LASTV),VALUE(CALC2223!X15)>VALUE(LASTV)) -> FALSE | R16: =OR(VALUE(CALC2223!Z15)>VALUE(LASTV),VALUE(CALC2223!AB15)>VALUE(LASTV),VALUE(CALC2223!AD15)>VALUE(LASTV)) -> FALSE | S16: =OR(VALUE(CALC2223!AF15)>VALUE(LASTV),VALUE(CALC2223!AH15)>VALUE(LASTV),VALUE(CALC2223!AJ15)>VALUE(LASTV)) -> FALSE | T16: =OR(VALUE(CALC2223!AL15)>VALUE(LASTV),VALUE(CALC2223!AN15)>VALUE(LASTV),VALUE(CALC2223!AP15)>VALUE(LASTV)) -> FALSE | U16: =OR(VALUE(CALC2223!AR15)>VALUE(LASTV),VALUE(CALC2223!AT15)>VALUE(LASTV),VALUE(CALC2223!AV15)>VALUE(LASTV)) -> FALSE
A17: 38 | B17: ma | C17: 45915 | D17: =CONCATENATE(CALC2223!A16," ",CALC2223!C16," ",CALC2223!E16) | E17: =CONCATENATE(CALC2223!G16," ",CALC2223!I16," ",CALC2223!K16) | F17: =CONCATENATE(CALC2223!M16," ",CALC2223!O16," ",CALC2223!Q16) | G17: =CONCATENATE(CALC2223!S16," ",CALC2223!U16," ",CALC2223!W16) | H17: =CONCATENATE(CALC2223!Y16," ",CALC2223!AA16," ",CALC2223!AC16) | I17: =CONCATENATE(CALC2223!AE16," ",CALC2223!AG16," ",CALC2223!AI16) | J17: =CONCATENATE(CALC2223!AK16," ",CALC2223!AM16," ",CALC2223!AO16) | K17: =CONCATENATE(CALC2223!AQ16," ",CALC2223!AS16," ",CALC2223!AU16," ",CALC2223!AW16) | L17: =IF(C17<TODAY(),"verleden","actueel") -> verleden | N17: =OR(VALUE(CALC2223!B16)>VALUE(LASTV),VALUE(CALC2223!D16)>VALUE(LASTV),VALUE(CALC2223!F16)>VALUE(LASTV)) -> FALSE | O17: =OR(VALUE(CALC2223!H16)>VALUE(LASTV),VALUE(CALC2223!J16)>VALUE(LASTV),VALUE(CALC2223!L16)>VALUE(LASTV)) -> FALSE | P17: =OR(VALUE(CALC2223!N16)>VALUE(LASTV),VALUE(CALC2223!P16)>VALUE(LASTV),VALUE(CALC2223!R16)>VALUE(LASTV)) -> FALSE | Q17: =OR(VALUE(CALC2223!T16)>VALUE(LASTV),VALUE(CALC2223!V16)>VALUE(LASTV),VALUE(CALC2223!X16)>VALUE(LASTV)) -> FALSE | R17: =OR(VALUE(CALC2223!Z16)>VALUE(LASTV),VALUE(CALC2223!AB16)>VALUE(LASTV),VALUE(CALC2223!AD16)>VALUE(LASTV)) -> FALSE | S17: =OR(VALUE(CALC2223!AF16)>VALUE(LASTV),VALUE(CALC2223!AH16)>VALUE(LASTV),VALUE(CALC2223!AJ16)>VALUE(LASTV)) -> FALSE | T17: =OR(VALUE(CALC2223!AL16)>VALUE(LASTV),VALUE(CALC2223!AN16)>VALUE(LASTV),VALUE(CALC2223!AP16)>VALUE(LASTV)) -> FALSE | U17: =OR(VALUE(CALC2223!AR16)>VALUE(LASTV),VALUE(CALC2223!AT16)>VALUE(LASTV),VALUE(CALC2223!AV16)>VALUE(LASTV)) -> FALSE
B18: di | C18: 45916 | D18: =CONCATENATE(CALC2223!A17," ",CALC2223!C17," ",CALC2223!E17) -> BKK ABCD | E18: =CONCATENATE(CALC2223!G17," ",CALC2223!I17," ",CALC2223!K17) | F18: =CONCATENATE(CALC2223!M17," ",CALC2223!O17," ",CALC2223!Q17) -> Team Ollie | G18: =CONCATENATE(CALC2223!S17," ",CALC2223!U17," ",CALC2223!W17) | H18: =CONCATENATE(CALC2223!Y17," ",CALC2223!AA17," ",CALC2223!AC17) | I18: =CONCATENATE(CALC2223!AE17," ",CALC2223!AG17," ",CALC2223!AI17) | J18: =CONCATENATE(CALC2223!AK17," ",CALC2223!AM17," ",CALC2223!AO17) | K18: =CONCATENATE(CALC2223!AQ17," ",CALC2223!AS17," ",CALC2223!AU17," ",CALC2223!AW17) | L18: =IF(C18<TODAY(),"verleden","actueel") -> verleden | N18: =OR(VALUE(CALC2223!B17)>VALUE(LASTV),VALUE(CALC2223!D17)>VALUE(LASTV),VALUE(CALC2223!F17)>VALUE(LASTV)) -> FALSE | O18: =OR(VALUE(CALC2223!H17)>VALUE(LASTV),VALUE(CALC2223!J17)>VALUE(LASTV),VALUE(CALC2223!L17)>VALUE(LASTV)) -> FALSE | P18: =OR(VALUE(CALC2223!N17)>VALUE(LASTV),VALUE(CALC2223!P17)>VALUE(LASTV),VALUE(CALC2223!R17)>VALUE(LASTV)) -> FALSE | Q18: =OR(VALUE(CALC2223!T17)>VALUE(LASTV),VALUE(CALC2223!V17)>VALUE(LASTV),VALUE(CALC2223!X17)>VALUE(LASTV)) -> FALSE | R18: =OR(VALUE(CALC2223!Z17)>VALUE(LASTV),VALUE(CALC2223!AB17)>VALUE(LASTV),VALUE(CALC2223!AD17)>VALUE(LASTV)) -> FALSE | S18: =OR(VALUE(CALC2223!AF17)>VALUE(LASTV),VALUE(CALC2223!AH17)>VALUE(LASTV),VALUE(CALC2223!AJ17)>VALUE(LASTV)) -> FALSE | T18: =OR(VALUE(CALC2223!AL17)>VALUE(LASTV),VALUE(CALC2223!AN17)>VALUE(LASTV),VALUE(CALC2223!AP17)>VALUE(LASTV)) -> FALSE | U18: =OR(VALUE(CALC2223!AR17)>VALUE(LASTV),VALUE(CALC2223!AT17)>VALUE(LASTV),VALUE(CALC2223!AV17)>VALUE(LASTV)) -> FALSE
B19: wo | C19: 45917 | D19: =CONCATENATE(CALC2223!A18," ",CALC2223!C18," ",CALC2223!E18) -> BKK ABCD | E19: =CONCATENATE(CALC2223!G18," ",CALC2223!I18," ",CALC2223!K18) | F19: =CONCATENATE(CALC2223!M18," ",CALC2223!O18," ",CALC2223!Q18) | G19: =CONCATENATE(CALC2223!S18," ",CALC2223!U18," ",CALC2223!W18) | H19: =CONCATENATE(CALC2223!Y18," ",CALC2223!AA18," ",CALC2223!AC18) -> herkansen ANW | I19: =CONCATENATE(CALC2223!AE18," ",CALC2223!AG18," ",CALC2223!AI18) | J19: =CONCATENATE(CALC2223!AK18," ",CALC2223!AM18," ",CALC2223!AO18) | K19: =CONCATENATE(CALC2223!AQ18," ",CALC2223!AS18," ",CALC2223!AU18," ",CALC2223!AW18) | L19: =IF(C19<TODAY(),"verleden","actueel") -> verleden | N19: =OR(VALUE(CALC2223!B18)>VALUE(LASTV),VALUE(CALC2223!D18)>VALUE(LASTV),VALUE(CALC2223!F18)>VALUE(LASTV)) -> FALSE | O19: =OR(VALUE(CALC2223!H18)>VALUE(LASTV),VALUE(CALC2223!J18)>VALUE(LASTV),VALUE(CALC2223!L18)>VALUE(LASTV)) -> FALSE | P19: =OR(VALUE(CALC2223!N18)>VALUE(LASTV),VALUE(CALC2223!P18)>VALUE(LASTV),VALUE(CALC2223!R18)>VALUE(LASTV)) -> FALSE | Q19: =OR(VALUE(CALC2223!T18)>VALUE(LASTV),VALUE(CALC2223!V18)>VALUE(LASTV),VALUE(CALC2223!X18)>VALUE(LASTV)) -> FALSE | R19: =OR(VALUE(CALC2223!Z18)>VALUE(LASTV),VALUE(CALC2223!AB18)>VALUE(LASTV),VALUE(CALC2223!AD18)>VALUE(LASTV)) -> FALSE | S19: =OR(VALUE(CALC2223!AF18)>VALUE(LASTV),VALUE(CALC2223!AH18)>VALUE(LASTV),VALUE(CALC2223!AJ18)>VALUE(LASTV)) -> FALSE | T19: =OR(VALUE(CALC2223!AL18)>VALUE(LASTV),VALUE(CALC2223!AN18)>VALUE(LASTV),VALUE(CALC2223!AP18)>VALUE(LASTV)) -> FALSE | U19: =OR(VALUE(CALC2223!AR18)>VALUE(LASTV),VALUE(CALC2223!AT18)>VALUE(LASTV),VALUE(CALC2223!AV18)>VALUE(LASTV)) -> FALSE
B20: do | C20: 45918 | D20: =CONCATENATE(CALC2223!A19," ",CALC2223!C19," ",CALC2223!E19) -> BKK ABCD | E20: =CONCATENATE(CALC2223!G19," ",CALC2223!I19," ",CALC2223!K19) | F20: =CONCATENATE(CALC2223!M19," ",CALC2223!O19," ",CALC2223!Q19) | G20: =CONCATENATE(CALC2223!S19," ",CALC2223!U19," ",CALC2223!W19) | H20: =CONCATENATE(CALC2223!Y19," ",CALC2223!AA19," ",CALC2223!AC19) | I20: =CONCATENATE(CALC2223!AE19," ",CALC2223!AG19," ",CALC2223!AI19) -> LO1:1 | J20: =CONCATENATE(CALC2223!AK19," ",CALC2223!AM19," ",CALC2223!AO19) -> commissies#1 verpleegkundige | K20: =CONCATENATE(CALC2223!AQ19," ",CALC2223!AS19," ",CALC2223!AU19," ",CALC2223!AW19) | L20: =IF(C20<TODAY(),"verleden","actueel") -> verleden | N20: =OR(VALUE(CALC2223!B19)>VALUE(LASTV),VALUE(CALC2223!D19)>VALUE(LASTV),VALUE(CALC2223!F19)>VALUE(LASTV)) -> FALSE | O20: =OR(VALUE(CALC2223!H19)>VALUE(LASTV),VALUE(CALC2223!J19)>VALUE(LASTV),VALUE(CALC2223!L19)>VALUE(LASTV)) -> FALSE | P20: =OR(VALUE(CALC2223!N19)>VALUE(LASTV),VALUE(CALC2223!P19)>VALUE(LASTV),VALUE(CALC2223!R19)>VALUE(LASTV)) -> FALSE | Q20: =OR(VALUE(CALC2223!T19)>VALUE(LASTV),VALUE(CALC2223!V19)>VALUE(LASTV),VALUE(CALC2223!X19)>VALUE(LASTV)) -> FALSE | R20: =OR(VALUE(CALC2223!Z19)>VALUE(LASTV),VALUE(CALC2223!AB19)>VALUE(LASTV),VALUE(CALC2223!AD19)>VALUE(LASTV)) -> FALSE | S20: =OR(VALUE(CALC2223!AF19)>VALUE(LASTV),VALUE(CALC2223!AH19)>VALUE(LASTV),VALUE(CALC2223!AJ19)>VALUE(LASTV)) -> FALSE | T20: =OR(VALUE(CALC2223!AL19)>VALUE(LASTV),VALUE(CALC2223!AN19)>VALUE(LASTV),VALUE(CALC2223!AP19)>VALUE(LASTV)) -> FALSE | U20: =OR(VALUE(CALC2223!AR19)>VALUE(LASTV),VALUE(CALC2223!AT19)>VALUE(LASTV),VALUE(CALC2223!AV19)>VALUE(LASTV)) -> FALSE
B21: vr | C21: 45919 | D21: =CONCATENATE(CALC2223!A20," ",CALC2223!C20," ",CALC2223!E20) -> BKK ABCD | E21: =CONCATENATE(CALC2223!G20," ",CALC2223!I20," ",CALC2223!K20) | F21: =CONCATENATE(CALC2223!M20," ",CALC2223!O20," ",CALC2223!Q20) | G21: =CONCATENATE(CALC2223!S20," ",CALC2223!U20," ",CALC2223!W20) | H21: =CONCATENATE(CALC2223!Y20," ",CALC2223!AA20," ",CALC2223!AC20) | I21: =CONCATENATE(CALC2223!AE20," ",CALC2223!AG20," ",CALC2223!AI20) | J21: =CONCATENATE(CALC2223!AK20," ",CALC2223!AM20," ",CALC2223!AO20) | K21: =CONCATENATE(CALC2223!AQ20," ",CALC2223!AS20," ",CALC2223!AU20," ",CALC2223!AW20) | L21: =IF(C21<TODAY(),"verleden","actueel") -> verleden | N21: =OR(VALUE(CALC2223!B20)>VALUE(LASTV),VALUE(CALC2223!D20)>VALUE(LASTV),VALUE(CALC2223!F20)>VALUE(LASTV)) -> FALSE | O21: =OR(VALUE(CALC2223!H20)>VALUE(LASTV),VALUE(CALC2223!J20)>VALUE(LASTV),VALUE(CALC2223!L20)>VALUE(LASTV)) -> FALSE | P21: =OR(VALUE(CALC2223!N20)>VALUE(LASTV),VALUE(CALC2223!P20)>VALUE(LASTV),VALUE(CALC2223!R20)>VALUE(LASTV)) -> FALSE | Q21: =OR(VALUE(CALC2223!T20)>VALUE(LASTV),VALUE(CALC2223!V20)>VALUE(LASTV),VALUE(CALC2223!X20)>VALUE(LASTV)) -> FALSE | R21: =OR(VALUE(CALC2223!Z20)>VALUE(LASTV),VALUE(CALC2223!AB20)>VALUE(LASTV),VALUE(CALC2223!AD20)>VALUE(LASTV)) -> FALSE | S21: =OR(VALUE(CALC2223!AF20)>VALUE(LASTV),VALUE(CALC2223!AH20)>VALUE(LASTV),VALUE(CALC2223!AJ20)>VALUE(LASTV)) -> FALSE | T21: =OR(VALUE(CALC2223!AL20)>VALUE(LASTV),VALUE(CALC2223!AN20)>VALUE(LASTV),VALUE(CALC2223!AP20)>VALUE(LASTV)) -> FALSE | U21: =OR(VALUE(CALC2223!AR20)>VALUE(LASTV),VALUE(CALC2223!AT20)>VALUE(LASTV),VALUE(CALC2223!AV20)>VALUE(LASTV)) -> FALSE
B22: za | C22: 45920 | D22: =CONCATENATE(CALC2223!A21," ",CALC2223!C21," ",CALC2223!E21) | E22: =CONCATENATE(CALC2223!G21," ",CALC2223!I21," ",CALC2223!K21) | F22: =CONCATENATE(CALC2223!M21," ",CALC2223!O21," ",CALC2223!Q21) | G22: =CONCATENATE(CALC2223!S21," ",CALC2223!U21," ",CALC2223!W21) | H22: =CONCATENATE(CALC2223!Y21," ",CALC2223!AA21," ",CALC2223!AC21) | I22: =CONCATENATE(CALC2223!AE21," ",CALC2223!AG21," ",CALC2223!AI21) | J22: =CONCATENATE(CALC2223!AK21," ",CALC2223!AM21," ",CALC2223!AO21) | K22: =CONCATENATE(CALC2223!AQ21," ",CALC2223!AS21," ",CALC2223!AU21," ",CALC2223!AW21) | L22: =IF(C22<TODAY(),"verleden","actueel") -> verleden | N22: =OR(VALUE(CALC2223!B21)>VALUE(LASTV),VALUE(CALC2223!D21)>VALUE(LASTV),VALUE(CALC2223!F21)>VALUE(LASTV)) -> FALSE | O22: =OR(VALUE(CALC2223!H21)>VALUE(LASTV),VALUE(CALC2223!J21)>VALUE(LASTV),VALUE(CALC2223!L21)>VALUE(LASTV)) -> FALSE | P22: =OR(VALUE(CALC2223!N21)>VALUE(LASTV),VALUE(CALC2223!P21)>VALUE(LASTV),VALUE(CALC2223!R21)>VALUE(LASTV)) -> FALSE | Q22: =OR(VALUE(CALC2223!T21)>VALUE(LASTV),VALUE(CALC2223!V21)>VALUE(LASTV),VALUE(CALC2223!X21)>VALUE(LASTV)) -> FALSE | R22: =OR(VALUE(CALC2223!Z21)>VALUE(LASTV),VALUE(CALC2223!AB21)>VALUE(LASTV),VALUE(CALC2223!AD21)>VALUE(LASTV)) -> FALSE | S22: =OR(VALUE(CALC2223!AF21)>VALUE(LASTV),VALUE(CALC2223!AH21)>VALUE(LASTV),VALUE(CALC2223!AJ21)>VALUE(LASTV)) -> FALSE | T22: =OR(VALUE(CALC2223!AL21)>VALUE(LASTV),VALUE(CALC2223!AN21)>VALUE(LASTV),VALUE(CALC2223!AP21)>VALUE(LASTV)) -> FALSE | U22: =OR(VALUE(CALC2223!AR21)>VALUE(LASTV),VALUE(CALC2223!AT21)>VALUE(LASTV),VALUE(CALC2223!AV21)>VALUE(LASTV)) -> FALSE
B23: zo | C23: 45921 | D23: =CONCATENATE(CALC2223!A22," ",CALC2223!C22," ",CALC2223!E22) | E23: =CONCATENATE(CALC2223!G22," ",CALC2223!I22," ",CALC2223!K22) | F23: =CONCATENATE(CALC2223!M22," ",CALC2223!O22," ",CALC2223!Q22) | G23: =CONCATENATE(CALC2223!S22," ",CALC2223!U22," ",CALC2223!W22) | H23: =CONCATENATE(CALC2223!Y22," ",CALC2223!AA22," ",CALC2223!AC22) | I23: =CONCATENATE(CALC2223!AE22," ",CALC2223!AG22," ",CALC2223!AI22) | J23: =CONCATENATE(CALC2223!AK22," ",CALC2223!AM22," ",CALC2223!AO22) | K23: =CONCATENATE(CALC2223!AQ22," ",CALC2223!AS22," ",CALC2223!AU22," ",CALC2223!AW22) | L23: =IF(C23<TODAY(),"verleden","actueel") -> verleden | N23: =OR(VALUE(CALC2223!B22)>VALUE(LASTV),VALUE(CALC2223!D22)>VALUE(LASTV),VALUE(CALC2223!F22)>VALUE(LASTV)) -> FALSE | O23: =OR(VALUE(CALC2223!H22)>VALUE(LASTV),VALUE(CALC2223!J22)>VALUE(LASTV),VALUE(CALC2223!L22)>VALUE(LASTV)) -> FALSE | P23: =OR(VALUE(CALC2223!N22)>VALUE(LASTV),VALUE(CALC2223!P22)>VALUE(LASTV),VALUE(CALC2223!R22)>VALUE(LASTV)) -> FALSE | Q23: =OR(VALUE(CALC2223!T22)>VALUE(LASTV),VALUE(CALC2223!V22)>VALUE(LASTV),VALUE(CALC2223!X22)>VALUE(LASTV)) -> FALSE | R23: =OR(VALUE(CALC2223!Z22)>VALUE(LASTV),VALUE(CALC2223!AB22)>VALUE(LASTV),VALUE(CALC2223!AD22)>VALUE(LASTV)) -> FALSE | S23: =OR(VALUE(CALC2223!AF22)>VALUE(LASTV),VALUE(CALC2223!AH22)>VALUE(LASTV),VALUE(CALC2223!AJ22)>VALUE(LASTV)) -> FALSE | T23: =OR(VALUE(CALC2223!AL22)>VALUE(LASTV),VALUE(CALC2223!AN22)>VALUE(LASTV),VALUE(CALC2223!AP22)>VALUE(LASTV)) -> FALSE | U23: =OR(VALUE(CALC2223!AR22)>VALUE(LASTV),VALUE(CALC2223!AT22)>VALUE(LASTV),VALUE(CALC2223!AV22)>VALUE(LASTV)) -> FALSE
A24: 39 | B24: ma | C24: 45922 | D24: =CONCATENATE(CALC2223!A23," ",CALC2223!C23," ",CALC2223!E23) | E24: =CONCATENATE(CALC2223!G23," ",CALC2223!I23," ",CALC2223!K23) | F24: =CONCATENATE(CALC2223!M23," ",CALC2223!O23," ",CALC2223!Q23) | G24: =CONCATENATE(CALC2223!S23," ",CALC2223!U23," ",CALC2223!W23) | H24: =CONCATENATE(CALC2223!Y23," ",CALC2223!AA23," ",CALC2223!AC23) | I24: =CONCATENATE(CALC2223!AE23," ",CALC2223!AG23," ",CALC2223!AI23) | J24: =CONCATENATE(CALC2223!AK23," ",CALC2223!AM23," ",CALC2223!AO23) | K24: =CONCATENATE(CALC2223!AQ23," ",CALC2223!AS23," ",CALC2223!AU23," ",CALC2223!AW23) | L24: =IF(C24<TODAY(),"verleden","actueel") -> verleden | N24: =OR(VALUE(CALC2223!B23)>VALUE(LASTV),VALUE(CALC2223!D23)>VALUE(LASTV),VALUE(CALC2223!F23)>VALUE(LASTV)) -> FALSE | O24: =OR(VALUE(CALC2223!H23)>VALUE(LASTV),VALUE(CALC2223!J23)>VALUE(LASTV),VALUE(CALC2223!L23)>VALUE(LASTV)) -> FALSE | P24: =OR(VALUE(CALC2223!N23)>VALUE(LASTV),VALUE(CALC2223!P23)>VALUE(LASTV),VALUE(CALC2223!R23)>VALUE(LASTV)) -> FALSE | Q24: =OR(VALUE(CALC2223!T23)>VALUE(LASTV),VALUE(CALC2223!V23)>VALUE(LASTV),VALUE(CALC2223!X23)>VALUE(LASTV)) -> FALSE | R24: =OR(VALUE(CALC2223!Z23)>VALUE(LASTV),VALUE(CALC2223!AB23)>VALUE(LASTV),VALUE(CALC2223!AD23)>VALUE(LASTV)) -> FALSE | S24: =OR(VALUE(CALC2223!AF23)>VALUE(LASTV),VALUE(CALC2223!AH23)>VALUE(LASTV),VALUE(CALC2223!AJ23)>VALUE(LASTV)) -> FALSE | T24: =OR(VALUE(CALC2223!AL23)>VALUE(LASTV),VALUE(CALC2223!AN23)>VALUE(LASTV),VALUE(CALC2223!AP23)>VALUE(LASTV)) -> FALSE | U24: =OR(VALUE(CALC2223!AR23)>VALUE(LASTV),VALUE(CALC2223!AT23)>VALUE(LASTV),VALUE(CALC2223!AV23)>VALUE(LASTV)) -> FALSE
B25: di | C25: 45923 | D25: =CONCATENATE(CALC2223!A24," ",CALC2223!C24," ",CALC2223!E24) -> BKK EFG | E25: =CONCATENATE(CALC2223!G24," ",CALC2223!I24," ",CALC2223!K24) | F25: =CONCATENATE(CALC2223!M24," ",CALC2223!O24," ",CALC2223!Q24) | G25: =CONCATENATE(CALC2223!S24," ",CALC2223!U24," ",CALC2223!W24) | H25: =CONCATENATE(CALC2223!Y24," ",CALC2223!AA24," ",CALC2223!AC24) -> inh rep EN inh rep SK | I25: =CONCATENATE(CALC2223!AE24," ",CALC2223!AG24," ",CALC2223!AI24) | J25: =CONCATENATE(CALC2223!AK24," ",CALC2223!AM24," ",CALC2223!AO24) | K25: =CONCATENATE(CALC2223!AQ24," ",CALC2223!AS24," ",CALC2223!AU24," ",CALC2223!AW24) | L25: =IF(C25<TODAY(),"verleden","actueel") -> verleden | N25: =OR(VALUE(CALC2223!B24)>VALUE(LASTV),VALUE(CALC2223!D24)>VALUE(LASTV),VALUE(CALC2223!F24)>VALUE(LASTV)) -> FALSE | O25: =OR(VALUE(CALC2223!H24)>VALUE(LASTV),VALUE(CALC2223!J24)>VALUE(LASTV),VALUE(CALC2223!L24)>VALUE(LASTV)) -> FALSE | P25: =OR(VALUE(CALC2223!N24)>VALUE(LASTV),VALUE(CALC2223!P24)>VALUE(LASTV),VALUE(CALC2223!R24)>VALUE(LASTV)) -> FALSE | Q25: =OR(VALUE(CALC2223!T24)>VALUE(LASTV),VALUE(CALC2223!V24)>VALUE(LASTV),VALUE(CALC2223!X24)>VALUE(LASTV)) -> FALSE | R25: =OR(VALUE(CALC2223!Z24)>VALUE(LASTV),VALUE(CALC2223!AB24)>VALUE(LASTV),VALUE(CALC2223!AD24)>VALUE(LASTV)) -> FALSE | S25: =OR(VALUE(CALC2223!AF24)>VALUE(LASTV),VALUE(CALC2223!AH24)>VALUE(LASTV),VALUE(CALC2223!AJ24)>VALUE(LASTV)) -> FALSE | T25: =OR(VALUE(CALC2223!AL24)>VALUE(LASTV),VALUE(CALC2223!AN24)>VALUE(LASTV),VALUE(CALC2223!AP24)>VALUE(LASTV)) -> FALSE | U25: =OR(VALUE(CALC2223!AR24)>VALUE(LASTV),VALUE(CALC2223!AT24)>VALUE(LASTV),VALUE(CALC2223!AV24)>VALUE(LASTV)) -> FALSE
B26: wo | C26: 45924 | D26: =CONCATENATE(CALC2223!A25," ",CALC2223!C25," ",CALC2223!E25) -> BKK EFG | E26: =CONCATENATE(CALC2223!G25," ",CALC2223!I25," ",CALC2223!K25) | F26: =CONCATENATE(CALC2223!M25," ",CALC2223!O25," ",CALC2223!Q25) | G26: =CONCATENATE(CALC2223!S25," ",CALC2223!U25," ",CALC2223!W25) | H26: =CONCATENATE(CALC2223!Y25," ",CALC2223!AA25," ",CALC2223!AC25) | I26: =CONCATENATE(CALC2223!AE25," ",CALC2223!AG25," ",CALC2223!AI25) | J26: =CONCATENATE(CALC2223!AK25," ",CALC2223!AM25," ",CALC2223!AO25) | K26: =CONCATENATE(CALC2223!AQ25," ",CALC2223!AS25," ",CALC2223!AU25," ",CALC2223!AW25) | L26: =IF(C26<TODAY(),"verleden","actueel") -> verleden | N26: =OR(VALUE(CALC2223!B25)>VALUE(LASTV),VALUE(CALC2223!D25)>VALUE(LASTV),VALUE(CALC2223!F25)>VALUE(LASTV)) -> FALSE | O26: =OR(VALUE(CALC2223!H25)>VALUE(LASTV),VALUE(CALC2223!J25)>VALUE(LASTV),VALUE(CALC2223!L25)>VALUE(LASTV)) -> FALSE | P26: =OR(VALUE(CALC2223!N25)>VALUE(LASTV),VALUE(CALC2223!P25)>VALUE(LASTV),VALUE(CALC2223!R25)>VALUE(LASTV)) -> FALSE | Q26: =OR(VALUE(CALC2223!T25)>VALUE(LASTV),VALUE(CALC2223!V25)>VALUE(LASTV),VALUE(CALC2223!X25)>VALUE(LASTV)) -> FALSE | R26: =OR(VALUE(CALC2223!Z25)>VALUE(LASTV),VALUE(CALC2223!AB25)>VALUE(LASTV),VALUE(CALC2223!AD25)>VALUE(LASTV)) -> FALSE | S26: =OR(VALUE(CALC2223!AF25)>VALUE(LASTV),VALUE(CALC2223!AH25)>VALUE(LASTV),VALUE(CALC2223!AJ25)>VALUE(LASTV)) -> FALSE | T26: =OR(VALUE(CALC2223!AL25)>VALUE(LASTV),VALUE(CALC2223!AN25)>VALUE(LASTV),VALUE(CALC2223!AP25)>VALUE(LASTV)) -> FALSE | U26: =OR(VALUE(CALC2223!AR25)>VALUE(LASTV),VALUE(CALC2223!AT25)>VALUE(LASTV),VALUE(CALC2223!AV25)>VALUE(LASTV)) -> FALSE
B27: do | C27: 45925 | D27: =CONCATENATE(CALC2223!A26," ",CALC2223!C26," ",CALC2223!E26) -> BKK EFG | E27: =CONCATENATE(CALC2223!G26," ",CALC2223!I26," ",CALC2223!K26) | F27: =CONCATENATE(CALC2223!M26," ",CALC2223!O26," ",CALC2223!Q26) | G27: =CONCATENATE(CALC2223!S26," ",CALC2223!U26," ",CALC2223!W26) | H27: =CONCATENATE(CALC2223!Y26," ",CALC2223!AA26," ",CALC2223!AC26) | I27: =CONCATENATE(CALC2223!AE26," ",CALC2223!AG26," ",CALC2223!AI26) -> LO1:2 | J27: =CONCATENATE(CALC2223!AK26," ",CALC2223!AM26," ",CALC2223!AO26) -> commissies#2/MR#1 | K27: =CONCATENATE(CALC2223!AQ26," ",CALC2223!AS26," ",CALC2223!AU26," ",CALC2223!AW26) | L27: =IF(C27<TODAY(),"verleden","actueel") -> verleden | N27: =OR(VALUE(CALC2223!B26)>VALUE(LASTV),VALUE(CALC2223!D26)>VALUE(LASTV),VALUE(CALC2223!F26)>VALUE(LASTV)) -> FALSE | O27: =OR(VALUE(CALC2223!H26)>VALUE(LASTV),VALUE(CALC2223!J26)>VALUE(LASTV),VALUE(CALC2223!L26)>VALUE(LASTV)) -> FALSE | P27: =OR(VALUE(CALC2223!N26)>VALUE(LASTV),VALUE(CALC2223!P26)>VALUE(LASTV),VALUE(CALC2223!R26)>VALUE(LASTV)) -> FALSE | Q27: =OR(VALUE(CALC2223!T26)>VALUE(LASTV),VALUE(CALC2223!V26)>VALUE(LASTV),VALUE(CALC2223!X26)>VALUE(LASTV)) -> FALSE | R27: =OR(VALUE(CALC2223!Z26)>VALUE(LASTV),VALUE(CALC2223!AB26)>VALUE(LASTV),VALUE(CALC2223!AD26)>VALUE(LASTV)) -> FALSE | S27: =OR(VALUE(CALC2223!AF26)>VALUE(LASTV),VALUE(CALC2223!AH26)>VALUE(LASTV),VALUE(CALC2223!AJ26)>VALUE(LASTV)) -> FALSE | T27: =OR(VALUE(CALC2223!AL26)>VALUE(LASTV),VALUE(CALC2223!AN26)>VALUE(LASTV),VALUE(CALC2223!AP26)>VALUE(LASTV)) -> FALSE | U27: =OR(VALUE(CALC2223!AR26)>VALUE(LASTV),VALUE(CALC2223!AT26)>VALUE(LASTV),VALUE(CALC2223!AV26)>VALUE(LASTV)) -> FALSE
B28: vr | C28: 45926 | D28: =CONCATENATE(CALC2223!A27," ",CALC2223!C27," ",CALC2223!E27) -> BKK EFG | E28: =CONCATENATE(CALC2223!G27," ",CALC2223!I27," ",CALC2223!K27) | F28: =CONCATENATE(CALC2223!M27," ",CALC2223!O27," ",CALC2223!Q27) | G28: =CONCATENATE(CALC2223!S27," ",CALC2223!U27," ",CALC2223!W27) | H28: =CONCATENATE(CALC2223!Y27," ",CALC2223!AA27," ",CALC2223!AC27) | I28: =CONCATENATE(CALC2223!AE27," ",CALC2223!AG27," ",CALC2223!AI27) | J28: =CONCATENATE(CALC2223!AK27," ",CALC2223!AM27," ",CALC2223!AO27) | K28: =CONCATENATE(CALC2223!AQ27," ",CALC2223!AS27," ",CALC2223!AU27," ",CALC2223!AW27) | L28: =IF(C28<TODAY(),"verleden","actueel") -> verleden | N28: =OR(VALUE(CALC2223!B27)>VALUE(LASTV),VALUE(CALC2223!D27)>VALUE(LASTV),VALUE(CALC2223!F27)>VALUE(LASTV)) -> FALSE | O28: =OR(VALUE(CALC2223!H27)>VALUE(LASTV),VALUE(CALC2223!J27)>VALUE(LASTV),VALUE(CALC2223!L27)>VALUE(LASTV)) -> FALSE | P28: =OR(VALUE(CALC2223!N27)>VALUE(LASTV),VALUE(CALC2223!P27)>VALUE(LASTV),VALUE(CALC2223!R27)>VALUE(LASTV)) -> FALSE | Q28: =OR(VALUE(CALC2223!T27)>VALUE(LASTV),VALUE(CALC2223!V27)>VALUE(LASTV),VALUE(CALC2223!X27)>VALUE(LASTV)) -> FALSE | R28: =OR(VALUE(CALC2223!Z27)>VALUE(LASTV),VALUE(CALC2223!AB27)>VALUE(LASTV),VALUE(CALC2223!AD27)>VALUE(LASTV)) -> FALSE | S28: =OR(VALUE(CALC2223!AF27)>VALUE(LASTV),VALUE(CALC2223!AH27)>VALUE(LASTV),VALUE(CALC2223!AJ27)>VALUE(LASTV)) -> FALSE | T28: =OR(VALUE(CALC2223!AL27)>VALUE(LASTV),VALUE(CALC2223!AN27)>VALUE(LASTV),VALUE(CALC2223!AP27)>VALUE(LASTV)) -> FALSE | U28: =OR(VALUE(CALC2223!AR27)>VALUE(LASTV),VALUE(CALC2223!AT27)>VALUE(LASTV),VALUE(CALC2223!AV27)>VALUE(LASTV)) -> FALSE
B29: za | C29: 45927 | D29: =CONCATENATE(CALC2223!A28," ",CALC2223!C28," ",CALC2223!E28) | E29: =CONCATENATE(CALC2223!G28," ",CALC2223!I28," ",CALC2223!K28) | F29: =CONCATENATE(CALC2223!M28," ",CALC2223!O28," ",CALC2223!Q28) | G29: =CONCATENATE(CALC2223!S28," ",CALC2223!U28," ",CALC2223!W28) | H29: =CONCATENATE(CALC2223!Y28," ",CALC2223!AA28," ",CALC2223!AC28) | I29: =CONCATENATE(CALC2223!AE28," ",CALC2223!AG28," ",CALC2223!AI28) | J29: =CONCATENATE(CALC2223!AK28," ",CALC2223!AM28," ",CALC2223!AO28) | K29: =CONCATENATE(CALC2223!AQ28," ",CALC2223!AS28," ",CALC2223!AU28," ",CALC2223!AW28) | L29: =IF(C29<TODAY(),"verleden","actueel") -> verleden | N29: =OR(VALUE(CALC2223!B28)>VALUE(LASTV),VALUE(CALC2223!D28)>VALUE(LASTV),VALUE(CALC2223!F28)>VALUE(LASTV)) -> FALSE | O29: =OR(VALUE(CALC2223!H28)>VALUE(LASTV),VALUE(CALC2223!J28)>VALUE(LASTV),VALUE(CALC2223!L28)>VALUE(LASTV)) -> FALSE | P29: =OR(VALUE(CALC2223!N28)>VALUE(LASTV),VALUE(CALC2223!P28)>VALUE(LASTV),VALUE(CALC2223!R28)>VALUE(LASTV)) -> FALSE | Q29: =OR(VALUE(CALC2223!T28)>VALUE(LASTV),VALUE(CALC2223!V28)>VALUE(LASTV),VALUE(CALC2223!X28)>VALUE(LASTV)) -> FALSE | R29: =OR(VALUE(CALC2223!Z28)>VALUE(LASTV),VALUE(CALC2223!AB28)>VALUE(LASTV),VALUE(CALC2223!AD28)>VALUE(LASTV)) -> FALSE | S29: =OR(VALUE(CALC2223!AF28)>VALUE(LASTV),VALUE(CALC2223!AH28)>VALUE(LASTV),VALUE(CALC2223!AJ28)>VALUE(LASTV)) -> FALSE | T29: =OR(VALUE(CALC2223!AL28)>VALUE(LASTV),VALUE(CALC2223!AN28)>VALUE(LASTV),VALUE(CALC2223!AP28)>VALUE(LASTV)) -> FALSE | U29: =OR(VALUE(CALC2223!AR28)>VALUE(LASTV),VALUE(CALC2223!AT28)>VALUE(LASTV),VALUE(CALC2223!AV28)>VALUE(LASTV)) -> FALSE
B30: zo | C30: 45928 | D30: =CONCATENATE(CALC2223!A29," ",CALC2223!C29," ",CALC2223!E29) | E30: =CONCATENATE(CALC2223!G29," ",CALC2223!I29," ",CALC2223!K29) | F30: =CONCATENATE(CALC2223!M29," ",CALC2223!O29," ",CALC2223!Q29) | G30: =CONCATENATE(CALC2223!S29," ",CALC2223!U29," ",CALC2223!W29) | H30: =CONCATENATE(CALC2223!Y29," ",CALC2223!AA29," ",CALC2223!AC29) | I30: =CONCATENATE(CALC2223!AE29," ",CALC2223!AG29," ",CALC2223!AI29) | J30: =CONCATENATE(CALC2223!AK29," ",CALC2223!AM29," ",CALC2223!AO29) | K30: =CONCATENATE(CALC2223!AQ29," ",CALC2223!AS29," ",CALC2223!AU29," ",CALC2223!AW29) | L30: =IF(C30<TODAY(),"verleden","actueel") -> verleden | N30: =OR(VALUE(CALC2223!B29)>VALUE(LASTV),VALUE(CALC2223!D29)>VALUE(LASTV),VALUE(CALC2223!F29)>VALUE(LASTV)) -> FALSE | O30: =OR(VALUE(CALC2223!H29)>VALUE(LASTV),VALUE(CALC2223!J29)>VALUE(LASTV),VALUE(CALC2223!L29)>VALUE(LASTV)) -> FALSE | P30: =OR(VALUE(CALC2223!N29)>VALUE(LASTV),VALUE(CALC2223!P29)>VALUE(LASTV),VALUE(CALC2223!R29)>VALUE(LASTV)) -> FALSE | Q30: =OR(VALUE(CALC2223!T29)>VALUE(LASTV),VALUE(CALC2223!V29)>VALUE(LASTV),VALUE(CALC2223!X29)>VALUE(LASTV)) -> FALSE | R30: =OR(VALUE(CALC2223!Z29)>VALUE(LASTV),VALUE(CALC2223!AB29)>VALUE(LASTV),VALUE(CALC2223!AD29)>VALUE(LASTV)) -> FALSE | S30: =OR(VALUE(CALC2223!AF29)>VALUE(LASTV),VALUE(CALC2223!AH29)>VALUE(LASTV),VALUE(CALC2223!AJ29)>VALUE(LASTV)) -> FALSE | T30: =OR(VALUE(CALC2223!AL29)>VALUE(LASTV),VALUE(CALC2223!AN29)>VALUE(LASTV),VALUE(CALC2223!AP29)>VALUE(LASTV)) -> FALSE | U30: =OR(VALUE(CALC2223!AR29)>VALUE(LASTV),VALUE(CALC2223!AT29)>VALUE(LASTV),VALUE(CALC2223!AV29)>VALUE(LASTV)) -> FALSE
A31: 40 | B31: ma | C31: 45929 | D31: =CONCATENATE(CALC2223!A30," ",CALC2223!C30," ",CALC2223!E30) | E31: =CONCATENATE(CALC2223!G30," ",CALC2223!I30," ",CALC2223!K30) | F31: =CONCATENATE(CALC2223!M30," ",CALC2223!O30," ",CALC2223!Q30) -> Team Ollie | G31: =CONCATENATE(CALC2223!S30," ",CALC2223!U30," ",CALC2223!W30) | H31: =CONCATENATE(CALC2223!Y30," ",CALC2223!AA30," ",CALC2223!AC30) | I31: =CONCATENATE(CALC2223!AE30," ",CALC2223!AG30," ",CALC2223!AI30) -> excursie ak | J31: =CONCATENATE(CALC2223!AK30," ",CALC2223!AM30," ",CALC2223!AO30) | K31: =CONCATENATE(CALC2223!AQ30," ",CALC2223!AS30," ",CALC2223!AU30," ",CALC2223!AW30) -> ouderavond G3 (19 u) en G6 (20 u) | L31: =IF(C31<TODAY(),"verleden","actueel") -> verleden | N31: =OR(VALUE(CALC2223!B30)>VALUE(LASTV),VALUE(CALC2223!D30)>VALUE(LASTV),VALUE(CALC2223!F30)>VALUE(LASTV)) -> FALSE | O31: =OR(VALUE(CALC2223!H30)>VALUE(LASTV),VALUE(CALC2223!J30)>VALUE(LASTV),VALUE(CALC2223!L30)>VALUE(LASTV)) -> FALSE | P31: =OR(VALUE(CALC2223!N30)>VALUE(LASTV),VALUE(CALC2223!P30)>VALUE(LASTV),VALUE(CALC2223!R30)>VALUE(LASTV)) -> FALSE | Q31: =OR(VALUE(CALC2223!T30)>VALUE(LASTV),VALUE(CALC2223!V30)>VALUE(LASTV),VALUE(CALC2223!X30)>VALUE(LASTV)) -> FALSE | R31: =OR(VALUE(CALC2223!Z30)>VALUE(LASTV),VALUE(CALC2223!AB30)>VALUE(LASTV),VALUE(CALC2223!AD30)>VALUE(LASTV)) -> FALSE | S31: =OR(VALUE(CALC2223!AF30)>VALUE(LASTV),VALUE(CALC2223!AH30)>VALUE(LASTV),VALUE(CALC2223!AJ30)>VALUE(LASTV)) -> FALSE | T31: =OR(VALUE(CALC2223!AL30)>VALUE(LASTV),VALUE(CALC2223!AN30)>VALUE(LASTV),VALUE(CALC2223!AP30)>VALUE(LASTV)) -> FALSE | U31: =OR(VALUE(CALC2223!AR30)>VALUE(LASTV),VALUE(CALC2223!AT30)>VALUE(LASTV),VALUE(CALC2223!AV30)>VALUE(LASTV)) -> FALSE
B32: di | C32: 45930 | D32: =CONCATENATE(CALC2223!A31," ",CALC2223!C31," ",CALC2223!E31) | E32: =CONCATENATE(CALC2223!G31," ",CALC2223!I31," ",CALC2223!K31) | F32: =CONCATENATE(CALC2223!M31," ",CALC2223!O31," ",CALC2223!Q31) | G32: =CONCATENATE(CALC2223!S31," ",CALC2223!U31," ",CALC2223!W31) | H32: =CONCATENATE(CALC2223!Y31," ",CALC2223!AA31," ",CALC2223!AC31) | I32: =CONCATENATE(CALC2223!AE31," ",CALC2223!AG31," ",CALC2223!AI31) | J32: =CONCATENATE(CALC2223!AK31," ",CALC2223!AM31," ",CALC2223!AO31) | K32: =CONCATENATE(CALC2223!AQ31," ",CALC2223!AS31," ",CALC2223!AU31," ",CALC2223!AW31) | L32: =IF(C32<TODAY(),"verleden","actueel") -> verleden | N32: =OR(VALUE(CALC2223!B31)>VALUE(LASTV),VALUE(CALC2223!D31)>VALUE(LASTV),VALUE(CALC2223!F31)>VALUE(LASTV)) -> FALSE | O32: =OR(VALUE(CALC2223!H31)>VALUE(LASTV),VALUE(CALC2223!J31)>VALUE(LASTV),VALUE(CALC2223!L31)>VALUE(LASTV)) -> FALSE | P32: =OR(VALUE(CALC2223!N31)>VALUE(LASTV),VALUE(CALC2223!P31)>VALUE(LASTV),VALUE(CALC2223!R31)>VALUE(LASTV)) -> FALSE | Q32: =OR(VALUE(CALC2223!T31)>VALUE(LASTV),VALUE(CALC2223!V31)>VALUE(LASTV),VALUE(CALC2223!X31)>VALUE(LASTV)) -> FALSE | R32: =OR(VALUE(CALC2223!Z31)>VALUE(LASTV),VALUE(CALC2223!AB31)>VALUE(LASTV),VALUE(CALC2223!AD31)>VALUE(LASTV)) -> FALSE | S32: =OR(VALUE(CALC2223!AF31)>VALUE(LASTV),VALUE(CALC2223!AH31)>VALUE(LASTV),VALUE(CALC2223!AJ31)>VALUE(LASTV)) -> FALSE | T32: =OR(VALUE(CALC2223!AL31)>VALUE(LASTV),VALUE(CALC2223!AN31)>VALUE(LASTV),VALUE(CALC2223!AP31)>VALUE(LASTV)) -> FALSE | U32: =OR(VALUE(CALC2223!AR31)>VALUE(LASTV),VALUE(CALC2223!AT31)>VALUE(LASTV),VALUE(CALC2223!AV31)>VALUE(LASTV)) -> FALSE
B33: wo | C33: 45931 | D33: =CONCATENATE(CALC2223!A32," ",CALC2223!C32," ",CALC2223!E32) | E33: =CONCATENATE(CALC2223!G32," ",CALC2223!I32," ",CALC2223!K32) | F33: =CONCATENATE(CALC2223!M32," ",CALC2223!O32," ",CALC2223!Q32) | G33: =CONCATENATE(CALC2223!S32," ",CALC2223!U32," ",CALC2223!W32) | H33: =CONCATENATE(CALC2223!Y32," ",CALC2223!AA32," ",CALC2223!AC32) -> Rep BI | I33: =CONCATENATE(CALC2223!AE32," ",CALC2223!AG32," ",CALC2223!AI32) | J33: =CONCATENATE(CALC2223!AK32," ",CALC2223!AM32," ",CALC2223!AO32) | K33: =CONCATENATE(CALC2223!AQ32," ",CALC2223!AS32," ",CALC2223!AU32," ",CALC2223!AW32) -> ouderavond G1 (19 u) en G4 (20 u) | L33: =IF(C33<TODAY(),"verleden","actueel") -> verleden | N33: =OR(VALUE(CALC2223!B32)>VALUE(LASTV),VALUE(CALC2223!D32)>VALUE(LASTV),VALUE(CALC2223!F32)>VALUE(LASTV)) -> FALSE | O33: =OR(VALUE(CALC2223!H32)>VALUE(LASTV),VALUE(CALC2223!J32)>VALUE(LASTV),VALUE(CALC2223!L32)>VALUE(LASTV)) -> FALSE | P33: =OR(VALUE(CALC2223!N32)>VALUE(LASTV),VALUE(CALC2223!P32)>VALUE(LASTV),VALUE(CALC2223!R32)>VALUE(LASTV)) -> FALSE | Q33: =OR(VALUE(CALC2223!T32)>VALUE(LASTV),VALUE(CALC2223!V32)>VALUE(LASTV),VALUE(CALC2223!X32)>VALUE(LASTV)) -> FALSE | R33: =OR(VALUE(CALC2223!Z32)>VALUE(LASTV),VALUE(CALC2223!AB32)>VALUE(LASTV),VALUE(CALC2223!AD32)>VALUE(LASTV)) -> FALSE | S33: =OR(VALUE(CALC2223!AF32)>VALUE(LASTV),VALUE(CALC2223!AH32)>VALUE(LASTV),VALUE(CALC2223!AJ32)>VALUE(LASTV)) -> FALSE | T33: =OR(VALUE(CALC2223!AL32)>VALUE(LASTV),VALUE(CALC2223!AN32)>VALUE(LASTV),VALUE(CALC2223!AP32)>VALUE(LASTV)) -> FALSE | U33: =OR(VALUE(CALC2223!AR32)>VALUE(LASTV),VALUE(CALC2223!AT32)>VALUE(LASTV),VALUE(CALC2223!AV32)>VALUE(LASTV)) -> FALSE
B34: do | C34: 45932 | D34: =CONCATENATE(CALC2223!A33," ",CALC2223!C33," ",CALC2223!E33) | E34: =CONCATENATE(CALC2223!G33," ",CALC2223!I33," ",CALC2223!K33) | F34: =CONCATENATE(CALC2223!M33," ",CALC2223!O33," ",CALC2223!Q33) -> Rep GES | G34: =CONCATENATE(CALC2223!S33," ",CALC2223!U33," ",CALC2223!W33) | H34: =CONCATENATE(CALC2223!Y33," ",CALC2223!AA33," ",CALC2223!AC33) | I34: =CONCATENATE(CALC2223!AE33," ",CALC2223!AG33," ",CALC2223!AI33) -> LO1:3 | J34: =CONCATENATE(CALC2223!AK33," ",CALC2223!AM33," ",CALC2223!AO33) -> secties#2/afscheid Jeanette | K34: =CONCATENATE(CALC2223!AQ33," ",CALC2223!AS33," ",CALC2223!AU33," ",CALC2223!AW33) | L34: =IF(C34<TODAY(),"verleden","actueel") -> verleden | N34: =OR(VALUE(CALC2223!B33)>VALUE(LASTV),VALUE(CALC2223!D33)>VALUE(LASTV),VALUE(CALC2223!F33)>VALUE(LASTV)) -> FALSE | O34: =OR(VALUE(CALC2223!H33)>VALUE(LASTV),VALUE(CALC2223!J33)>VALUE(LASTV),VALUE(CALC2223!L33)>VALUE(LASTV)) -> FALSE | P34: =OR(VALUE(CALC2223!N33)>VALUE(LASTV),VALUE(CALC2223!P33)>VALUE(LASTV),VALUE(CALC2223!R33)>VALUE(LASTV)) -> FALSE | Q34: =OR(VALUE(CALC2223!T33)>VALUE(LASTV),VALUE(CALC2223!V33)>VALUE(LASTV),VALUE(CALC2223!X33)>VALUE(LASTV)) -> FALSE | R34: =OR(VALUE(CALC2223!Z33)>VALUE(LASTV),VALUE(CALC2223!AB33)>VALUE(LASTV),VALUE(CALC2223!AD33)>VALUE(LASTV)) -> FALSE | S34: =OR(VALUE(CALC2223!AF33)>VALUE(LASTV),VALUE(CALC2223!AH33)>VALUE(LASTV),VALUE(CALC2223!AJ33)>VALUE(LASTV)) -> FALSE | T34: =OR(VALUE(CALC2223!AL33)>VALUE(LASTV),VALUE(CALC2223!AN33)>VALUE(LASTV),VALUE(CALC2223!AP33)>VALUE(LASTV)) -> FALSE | U34: =OR(VALUE(CALC2223!AR33)>VALUE(LASTV),VALUE(CALC2223!AT33)>VALUE(LASTV),VALUE(CALC2223!AV33)>VALUE(LASTV)) -> FALSE
B35: vr | C35: 45933 | D35: =CONCATENATE(CALC2223!A34," ",CALC2223!C34," ",CALC2223!E34) | E35: =CONCATENATE(CALC2223!G34," ",CALC2223!I34," ",CALC2223!K34) -> Rep BIO | F35: =CONCATENATE(CALC2223!M34," ",CALC2223!O34," ",CALC2223!Q34) | G35: =CONCATENATE(CALC2223!S34," ",CALC2223!U34," ",CALC2223!W34) | H35: =CONCATENATE(CALC2223!Y34," ",CALC2223!AA34," ",CALC2223!AC34) | I35: =CONCATENATE(CALC2223!AE34," ",CALC2223!AG34," ",CALC2223!AI34) -> PWS conceptversie | J35: =CONCATENATE(CALC2223!AK34," ",CALC2223!AM34," ",CALC2223!AO34) | K35: =CONCATENATE(CALC2223!AQ34," ",CALC2223!AS34," ",CALC2223!AU34," ",CALC2223!AW34) | L35: =IF(C35<TODAY(),"verleden","actueel") -> verleden | N35: =OR(VALUE(CALC2223!B34)>VALUE(LASTV),VALUE(CALC2223!D34)>VALUE(LASTV),VALUE(CALC2223!F34)>VALUE(LASTV)) -> FALSE | O35: =OR(VALUE(CALC2223!H34)>VALUE(LASTV),VALUE(CALC2223!J34)>VALUE(LASTV),VALUE(CALC2223!L34)>VALUE(LASTV)) -> FALSE | P35: =OR(VALUE(CALC2223!N34)>VALUE(LASTV),VALUE(CALC2223!P34)>VALUE(LASTV),VALUE(CALC2223!R34)>VALUE(LASTV)) -> FALSE | Q35: =OR(VALUE(CALC2223!T34)>VALUE(LASTV),VALUE(CALC2223!V34)>VALUE(LASTV),VALUE(CALC2223!X34)>VALUE(LASTV)) -> FALSE | R35: =OR(VALUE(CALC2223!Z34)>VALUE(LASTV),VALUE(CALC2223!AB34)>VALUE(LASTV),VALUE(CALC2223!AD34)>VALUE(LASTV)) -> FALSE | S35: =OR(VALUE(CALC2223!AF34)>VALUE(LASTV),VALUE(CALC2223!AH34)>VALUE(LASTV),VALUE(CALC2223!AJ34)>VALUE(LASTV)) -> FALSE | T35: =OR(VALUE(CALC2223!AL34)>VALUE(LASTV),VALUE(CALC2223!AN34)>VALUE(LASTV),VALUE(CALC2223!AP34)>VALUE(LASTV)) -> FALSE | U35: =OR(VALUE(CALC2223!AR34)>VALUE(LASTV),VALUE(CALC2223!AT34)>VALUE(LASTV),VALUE(CALC2223!AV34)>VALUE(LASTV)) -> FALSE
B36: za | C36: 45934 | D36: =CONCATENATE(CALC2223!A35," ",CALC2223!C35," ",CALC2223!E35) | E36: =CONCATENATE(CALC2223!G35," ",CALC2223!I35," ",CALC2223!K35) | F36: =CONCATENATE(CALC2223!M35," ",CALC2223!O35," ",CALC2223!Q35) | G36: =CONCATENATE(CALC2223!S35," ",CALC2223!U35," ",CALC2223!W35) | H36: =CONCATENATE(CALC2223!Y35," ",CALC2223!AA35," ",CALC2223!AC35) | I36: =CONCATENATE(CALC2223!AE35," ",CALC2223!AG35," ",CALC2223!AI35) | J36: =CONCATENATE(CALC2223!AK35," ",CALC2223!AM35," ",CALC2223!AO35) | K36: =CONCATENATE(CALC2223!AQ35," ",CALC2223!AS35," ",CALC2223!AU35," ",CALC2223!AW35) | L36: =IF(C36<TODAY(),"verleden","actueel") -> verleden | N36: =OR(VALUE(CALC2223!B35)>VALUE(LASTV),VALUE(CALC2223!D35)>VALUE(LASTV),VALUE(CALC2223!F35)>VALUE(LASTV)) -> FALSE | O36: =OR(VALUE(CALC2223!H35)>VALUE(LASTV),VALUE(CALC2223!J35)>VALUE(LASTV),VALUE(CALC2223!L35)>VALUE(LASTV)) -> FALSE | P36: =OR(VALUE(CALC2223!N35)>VALUE(LASTV),VALUE(CALC2223!P35)>VALUE(LASTV),VALUE(CALC2223!R35)>VALUE(LASTV)) -> FALSE | Q36: =OR(VALUE(CALC2223!T35)>VALUE(LASTV),VALUE(CALC2223!V35)>VALUE(LASTV),VALUE(CALC2223!X35)>VALUE(LASTV)) -> FALSE | R36: =OR(VALUE(CALC2223!Z35)>VALUE(LASTV),VALUE(CALC2223!AB35)>VALUE(LASTV),VALUE(CALC2223!AD35)>VALUE(LASTV)) -> FALSE | S36: =OR(VALUE(CALC2223!AF35)>VALUE(LASTV),VALUE(CALC2223!AH35)>VALUE(LASTV),VALUE(CALC2223!AJ35)>VALUE(LASTV)) -> FALSE | T36: =OR(VALUE(CALC2223!AL35)>VALUE(LASTV),VALUE(CALC2223!AN35)>VALUE(LASTV),VALUE(CALC2223!AP35)>VALUE(LASTV)) -> FALSE | U36: =OR(VALUE(CALC2223!AR35)>VALUE(LASTV),VALUE(CALC2223!AT35)>VALUE(LASTV),VALUE(CALC2223!AV35)>VALUE(LASTV)) -> FALSE
B37: zo | C37: 45935 | D37: =CONCATENATE(CALC2223!A36," ",CALC2223!C36," ",CALC2223!E36) | E37: =CONCATENATE(CALC2223!G36," ",CALC2223!I36," ",CALC2223!K36) | F37: =CONCATENATE(CALC2223!M36," ",CALC2223!O36," ",CALC2223!Q36) | G37: =CONCATENATE(CALC2223!S36," ",CALC2223!U36," ",CALC2223!W36) | H37: =CONCATENATE(CALC2223!Y36," ",CALC2223!AA36," ",CALC2223!AC36) | I37: =CONCATENATE(CALC2223!AE36," ",CALC2223!AG36," ",CALC2223!AI36) | J37: =CONCATENATE(CALC2223!AK36," ",CALC2223!AM36," ",CALC2223!AO36) | K37: =CONCATENATE(CALC2223!AQ36," ",CALC2223!AS36," ",CALC2223!AU36," ",CALC2223!AW36) | L37: =IF(C37<TODAY(),"verleden","actueel") -> verleden | N37: =OR(VALUE(CALC2223!B36)>VALUE(LASTV),VALUE(CALC2223!D36)>VALUE(LASTV),VALUE(CALC2223!F36)>VALUE(LASTV)) -> FALSE | O37: =OR(VALUE(CALC2223!H36)>VALUE(LASTV),VALUE(CALC2223!J36)>VALUE(LASTV),VALUE(CALC2223!L36)>VALUE(LASTV)) -> FALSE | P37: =OR(VALUE(CALC2223!N36)>VALUE(LASTV),VALUE(CALC2223!P36)>VALUE(LASTV),VALUE(CALC2223!R36)>VALUE(LASTV)) -> FALSE | Q37: =OR(VALUE(CALC2223!T36)>VALUE(LASTV),VALUE(CALC2223!V36)>VALUE(LASTV),VALUE(CALC2223!X36)>VALUE(LASTV)) -> FALSE | R37: =OR(VALUE(CALC2223!Z36)>VALUE(LASTV),VALUE(CALC2223!AB36)>VALUE(LASTV),VALUE(CALC2223!AD36)>VALUE(LASTV)) -> FALSE | S37: =OR(VALUE(CALC2223!AF36)>VALUE(LASTV),VALUE(CALC2223!AH36)>VALUE(LASTV),VALUE(CALC2223!AJ36)>VALUE(LASTV)) -> FALSE | T37: =OR(VALUE(CALC2223!AL36)>VALUE(LASTV),VALUE(CALC2223!AN36)>VALUE(LASTV),VALUE(CALC2223!AP36)>VALUE(LASTV)) -> FALSE | U37: =OR(VALUE(CALC2223!AR36)>VALUE(LASTV),VALUE(CALC2223!AT36)>VALUE(LASTV),VALUE(CALC2223!AV36)>VALUE(LASTV)) -> FALSE
A38: 41 | B38: ma | C38: 45936 | D38: =CONCATENATE(CALC2223!A37," ",CALC2223!C37," ",CALC2223!E37) | E38: =CONCATENATE(CALC2223!G37," ",CALC2223!I37," ",CALC2223!K37) | F38: =CONCATENATE(CALC2223!M37," ",CALC2223!O37," ",CALC2223!Q37) | G38: =CONCATENATE(CALC2223!S37," ",CALC2223!U37," ",CALC2223!W37) | H38: =CONCATENATE(CALC2223!Y37," ",CALC2223!AA37," ",CALC2223!AC37) -> SE AK | I38: =CONCATENATE(CALC2223!AE37," ",CALC2223!AG37," ",CALC2223!AI37) | J38: =CONCATENATE(CALC2223!AK37," ",CALC2223!AM37," ",CALC2223!AO37) | K38: =CONCATENATE(CALC2223!AQ37," ",CALC2223!AS37," ",CALC2223!AU37," ",CALC2223!AW37) | L38: =IF(C38<TODAY(),"verleden","actueel") -> verleden | N38: =OR(VALUE(CALC2223!B37)>VALUE(LASTV),VALUE(CALC2223!D37)>VALUE(LASTV),VALUE(CALC2223!F37)>VALUE(LASTV)) -> FALSE | O38: =OR(VALUE(CALC2223!H37)>VALUE(LASTV),VALUE(CALC2223!J37)>VALUE(LASTV),VALUE(CALC2223!L37)>VALUE(LASTV)) -> FALSE | P38: =OR(VALUE(CALC2223!N37)>VALUE(LASTV),VALUE(CALC2223!P37)>VALUE(LASTV),VALUE(CALC2223!R37)>VALUE(LASTV)) -> FALSE | Q38: =OR(VALUE(CALC2223!T37)>VALUE(LASTV),VALUE(CALC2223!V37)>VALUE(LASTV),VALUE(CALC2223!X37)>VALUE(LASTV)) -> FALSE | R38: =OR(VALUE(CALC2223!Z37)>VALUE(LASTV),VALUE(CALC2223!AB37)>VALUE(LASTV),VALUE(CALC2223!AD37)>VALUE(LASTV)) -> FALSE | S38: =OR(VALUE(CALC2223!AF37)>VALUE(LASTV),VALUE(CALC2223!AH37)>VALUE(LASTV),VALUE(CALC2223!AJ37)>VALUE(LASTV)) -> FALSE | T38: =OR(VALUE(CALC2223!AL37)>VALUE(LASTV),VALUE(CALC2223!AN37)>VALUE(LASTV),VALUE(CALC2223!AP37)>VALUE(LASTV)) -> FALSE | U38: =OR(VALUE(CALC2223!AR37)>VALUE(LASTV),VALUE(CALC2223!AT37)>VALUE(LASTV),VALUE(CALC2223!AV37)>VALUE(LASTV)) -> FALSE
B39: di | C39: 45937 | D39: =CONCATENATE(CALC2223!A38," ",CALC2223!C38," ",CALC2223!E38) | E39: =CONCATENATE(CALC2223!G38," ",CALC2223!I38," ",CALC2223!K38) | F39: =CONCATENATE(CALC2223!M38," ",CALC2223!O38," ",CALC2223!Q38) | G39: =CONCATENATE(CALC2223!S38," ",CALC2223!U38," ",CALC2223!W38) | H39: =CONCATENATE(CALC2223!Y38," ",CALC2223!AA38," ",CALC2223!AC38) | I39: =CONCATENATE(CALC2223!AE38," ",CALC2223!AG38," ",CALC2223!AI38) | J39: =CONCATENATE(CALC2223!AK38," ",CALC2223!AM38," ",CALC2223!AO38) | K39: =CONCATENATE(CALC2223!AQ38," ",CALC2223!AS38," ",CALC2223!AU38," ",CALC2223!AW38) | L39: =IF(C39<TODAY(),"verleden","actueel") -> verleden | N39: =OR(VALUE(CALC2223!B38)>VALUE(LASTV),VALUE(CALC2223!D38)>VALUE(LASTV),VALUE(CALC2223!F38)>VALUE(LASTV)) -> FALSE | O39: =OR(VALUE(CALC2223!H38)>VALUE(LASTV),VALUE(CALC2223!J38)>VALUE(LASTV),VALUE(CALC2223!L38)>VALUE(LASTV)) -> FALSE | P39: =OR(VALUE(CALC2223!N38)>VALUE(LASTV),VALUE(CALC2223!P38)>VALUE(LASTV),VALUE(CALC2223!R38)>VALUE(LASTV)) -> FALSE | Q39: =OR(VALUE(CALC2223!T38)>VALUE(LASTV),VALUE(CALC2223!V38)>VALUE(LASTV),VALUE(CALC2223!X38)>VALUE(LASTV)) -> FALSE | R39: =OR(VALUE(CALC2223!Z38)>VALUE(LASTV),VALUE(CALC2223!AB38)>VALUE(LASTV),VALUE(CALC2223!AD38)>VALUE(LASTV)) -> FALSE | S39: =OR(VALUE(CALC2223!AF38)>VALUE(LASTV),VALUE(CALC2223!AH38)>VALUE(LASTV),VALUE(CALC2223!AJ38)>VALUE(LASTV)) -> FALSE | T39: =OR(VALUE(CALC2223!AL38)>VALUE(LASTV),VALUE(CALC2223!AN38)>VALUE(LASTV),VALUE(CALC2223!AP38)>VALUE(LASTV)) -> FALSE | U39: =OR(VALUE(CALC2223!AR38)>VALUE(LASTV),VALUE(CALC2223!AT38)>VALUE(LASTV),VALUE(CALC2223!AV38)>VALUE(LASTV)) -> FALSE
B40: wo | C40: 45938 | D40: =CONCATENATE(CALC2223!A39," ",CALC2223!C39," ",CALC2223!E39) | E40: =CONCATENATE(CALC2223!G39," ",CALC2223!I39," ",CALC2223!K39) | F40: =CONCATENATE(CALC2223!M39," ",CALC2223!O39," ",CALC2223!Q39) | G40: =CONCATENATE(CALC2223!S39," ",CALC2223!U39," ",CALC2223!W39) -> KUBVexcursie | H40: =CONCATENATE(CALC2223!Y39," ",CALC2223!AA39," ",CALC2223!AC39) -> KUBVexcursie/Rep BE | I40: =CONCATENATE(CALC2223!AE39," ",CALC2223!AG39," ",CALC2223!AI39) | J40: =CONCATENATE(CALC2223!AK39," ",CALC2223!AM39," ",CALC2223!AO39) | K40: =CONCATENATE(CALC2223!AQ39," ",CALC2223!AS39," ",CALC2223!AU39," ",CALC2223!AW39) | L40: =IF(C40<TODAY(),"verleden","actueel") -> verleden | N40: =OR(VALUE(CALC2223!B39)>VALUE(LASTV),VALUE(CALC2223!D39)>VALUE(LASTV),VALUE(CALC2223!F39)>VALUE(LASTV)) -> FALSE | O40: =OR(VALUE(CALC2223!H39)>VALUE(LASTV),VALUE(CALC2223!J39)>VALUE(LASTV),VALUE(CALC2223!L39)>VALUE(LASTV)) -> FALSE | P40: =OR(VALUE(CALC2223!N39)>VALUE(LASTV),VALUE(CALC2223!P39)>VALUE(LASTV),VALUE(CALC2223!R39)>VALUE(LASTV)) -> FALSE | Q40: =OR(VALUE(CALC2223!T39)>VALUE(LASTV),VALUE(CALC2223!V39)>VALUE(LASTV),VALUE(CALC2223!X39)>VALUE(LASTV)) -> FALSE | R40: =OR(VALUE(CALC2223!Z39)>VALUE(LASTV),VALUE(CALC2223!AB39)>VALUE(LASTV),VALUE(CALC2223!AD39)>VALUE(LASTV)) -> FALSE | S40: =OR(VALUE(CALC2223!AF39)>VALUE(LASTV),VALUE(CALC2223!AH39)>VALUE(LASTV),VALUE(CALC2223!AJ39)>VALUE(LASTV)) -> FALSE | T40: =OR(VALUE(CALC2223!AL39)>VALUE(LASTV),VALUE(CALC2223!AN39)>VALUE(LASTV),VALUE(CALC2223!AP39)>VALUE(LASTV)) -> FALSE | U40: =OR(VALUE(CALC2223!AR39)>VALUE(LASTV),VALUE(CALC2223!AT39)>VALUE(LASTV),VALUE(CALC2223!AV39)>VALUE(LASTV)) -> FALSE
B41: do | C41: 45939 | D41: =CONCATENATE(CALC2223!A40," ",CALC2223!C40," ",CALC2223!E40) | E41: =CONCATENATE(CALC2223!G40," ",CALC2223!I40," ",CALC2223!K40) | F41: =CONCATENATE(CALC2223!M40," ",CALC2223!O40," ",CALC2223!Q40) -> Rep WIS | G41: =CONCATENATE(CALC2223!S40," ",CALC2223!U40," ",CALC2223!W40) -> HPG | H41: =CONCATENATE(CALC2223!Y40," ",CALC2223!AA40," ",CALC2223!AC40) -> HPG excursie ak | I41: =CONCATENATE(CALC2223!AE40," ",CALC2223!AG40," ",CALC2223!AI40) -> LO1:4/HPG | J41: =CONCATENATE(CALC2223!AK40," ",CALC2223!AM40," ",CALC2223!AO40) -> klasbespreking#1 | K41: =CONCATENATE(CALC2223!AQ40," ",CALC2223!AS40," ",CALC2223!AU40," ",CALC2223!AW40) -> ouderavond G2 (19 u) en G5 (20 u) dag van de Duitse taal | L41: =IF(C41<TODAY(),"verleden","actueel") -> verleden | N41: =OR(VALUE(CALC2223!B40)>VALUE(LASTV),VALUE(CALC2223!D40)>VALUE(LASTV),VALUE(CALC2223!F40)>VALUE(LASTV)) -> FALSE | O41: =OR(VALUE(CALC2223!H40)>VALUE(LASTV),VALUE(CALC2223!J40)>VALUE(LASTV),VALUE(CALC2223!L40)>VALUE(LASTV)) -> FALSE | P41: =OR(VALUE(CALC2223!N40)>VALUE(LASTV),VALUE(CALC2223!P40)>VALUE(LASTV),VALUE(CALC2223!R40)>VALUE(LASTV)) -> FALSE | Q41: =OR(VALUE(CALC2223!T40)>VALUE(LASTV),VALUE(CALC2223!V40)>VALUE(LASTV),VALUE(CALC2223!X40)>VALUE(LASTV)) -> FALSE | R41: =OR(VALUE(CALC2223!Z40)>VALUE(LASTV),VALUE(CALC2223!AB40)>VALUE(LASTV),VALUE(CALC2223!AD40)>VALUE(LASTV)) -> FALSE | S41: =OR(VALUE(CALC2223!AF40)>VALUE(LASTV),VALUE(CALC2223!AH40)>VALUE(LASTV),VALUE(CALC2223!AJ40)>VALUE(LASTV)) -> FALSE | T41: =OR(VALUE(CALC2223!AL40)>VALUE(LASTV),VALUE(CALC2223!AN40)>VALUE(LASTV),VALUE(CALC2223!AP40)>VALUE(LASTV)) -> FALSE | U41: =OR(VALUE(CALC2223!AR40)>VALUE(LASTV),VALUE(CALC2223!AT40)>VALUE(LASTV),VALUE(CALC2223!AV40)>VALUE(LASTV)) -> FALSE
B42: vr | C42: 45940 | D42: =CONCATENATE(CALC2223!A41," ",CALC2223!C41," ",CALC2223!E41) | E42: =CONCATENATE(CALC2223!G41," ",CALC2223!I41," ",CALC2223!K41) -> Rep GES | F42: =CONCATENATE(CALC2223!M41," ",CALC2223!O41," ",CALC2223!Q41) | G42: =CONCATENATE(CALC2223!S41," ",CALC2223!U41," ",CALC2223!W41) -> Rep WIABC | H42: =CONCATENATE(CALC2223!Y41," ",CALC2223!AA41," ",CALC2223!AC41) -> excursie Lille (Fa) | I42: =CONCATENATE(CALC2223!AE41," ",CALC2223!AG41," ",CALC2223!AI41) | J42: =CONCATENATE(CALC2223!AK41," ",CALC2223!AM41," ",CALC2223!AO41) | K42: =CONCATENATE(CALC2223!AQ41," ",CALC2223!AS41," ",CALC2223!AU41," ",CALC2223!AW41) | L42: =IF(C42<TODAY(),"verleden","actueel") -> verleden | N42: =OR(VALUE(CALC2223!B41)>VALUE(LASTV),VALUE(CALC2223!D41)>VALUE(LASTV),VALUE(CALC2223!F41)>VALUE(LASTV)) -> FALSE | O42: =OR(VALUE(CALC2223!H41)>VALUE(LASTV),VALUE(CALC2223!J41)>VALUE(LASTV),VALUE(CALC2223!L41)>VALUE(LASTV)) -> FALSE | P42: =OR(VALUE(CALC2223!N41)>VALUE(LASTV),VALUE(CALC2223!P41)>VALUE(LASTV),VALUE(CALC2223!R41)>VALUE(LASTV)) -> FALSE | Q42: =OR(VALUE(CALC2223!T41)>VALUE(LASTV),VALUE(CALC2223!V41)>VALUE(LASTV),VALUE(CALC2223!X41)>VALUE(LASTV)) -> FALSE | R42: =OR(VALUE(CALC2223!Z41)>VALUE(LASTV),VALUE(CALC2223!AB41)>VALUE(LASTV),VALUE(CALC2223!AD41)>VALUE(LASTV)) -> FALSE | S42: =OR(VALUE(CALC2223!AF41)>VALUE(LASTV),VALUE(CALC2223!AH41)>VALUE(LASTV),VALUE(CALC2223!AJ41)>VALUE(LASTV)) -> FALSE | T42: =OR(VALUE(CALC2223!AL41)>VALUE(LASTV),VALUE(CALC2223!AN41)>VALUE(LASTV),VALUE(CALC2223!AP41)>VALUE(LASTV)) -> FALSE | U42: =OR(VALUE(CALC2223!AR41)>VALUE(LASTV),VALUE(CALC2223!AT41)>VALUE(LASTV),VALUE(CALC2223!AV41)>VALUE(LASTV)) -> FALSE
B43: za | C43: 45941 | D43: =CONCATENATE(CALC2223!A42," ",CALC2223!C42," ",CALC2223!E42) | E43: =CONCATENATE(CALC2223!G42," ",CALC2223!I42," ",CALC2223!K42) | F43: =CONCATENATE(CALC2223!M42," ",CALC2223!O42," ",CALC2223!Q42) | G43: =CONCATENATE(CALC2223!S42," ",CALC2223!U42," ",CALC2223!W42) | H43: =CONCATENATE(CALC2223!Y42," ",CALC2223!AA42," ",CALC2223!AC42) | I43: =CONCATENATE(CALC2223!AE42," ",CALC2223!AG42," ",CALC2223!AI42) | J43: =CONCATENATE(CALC2223!AK42," ",CALC2223!AM42," ",CALC2223!AO42) | K43: =CONCATENATE(CALC2223!AQ42," ",CALC2223!AS42," ",CALC2223!AU42," ",CALC2223!AW42) | L43: =IF(C43<TODAY(),"verleden","actueel") -> verleden | N43: =OR(VALUE(CALC2223!B42)>VALUE(LASTV),VALUE(CALC2223!D42)>VALUE(LASTV),VALUE(CALC2223!F42)>VALUE(LASTV)) -> FALSE | O43: =OR(VALUE(CALC2223!H42)>VALUE(LASTV),VALUE(CALC2223!J42)>VALUE(LASTV),VALUE(CALC2223!L42)>VALUE(LASTV)) -> FALSE | P43: =OR(VALUE(CALC2223!N42)>VALUE(LASTV),VALUE(CALC2223!P42)>VALUE(LASTV),VALUE(CALC2223!R42)>VALUE(LASTV)) -> FALSE | Q43: =OR(VALUE(CALC2223!T42)>VALUE(LASTV),VALUE(CALC2223!V42)>VALUE(LASTV),VALUE(CALC2223!X42)>VALUE(LASTV)) -> FALSE | R43: =OR(VALUE(CALC2223!Z42)>VALUE(LASTV),VALUE(CALC2223!AB42)>VALUE(LASTV),VALUE(CALC2223!AD42)>VALUE(LASTV)) -> FALSE | S43: =OR(VALUE(CALC2223!AF42)>VALUE(LASTV),VALUE(CALC2223!AH42)>VALUE(LASTV),VALUE(CALC2223!AJ42)>VALUE(LASTV)) -> FALSE | T43: =OR(VALUE(CALC2223!AL42)>VALUE(LASTV),VALUE(CALC2223!AN42)>VALUE(LASTV),VALUE(CALC2223!AP42)>VALUE(LASTV)) -> FALSE | U43: =OR(VALUE(CALC2223!AR42)>VALUE(LASTV),VALUE(CALC2223!AT42)>VALUE(LASTV),VALUE(CALC2223!AV42)>VALUE(LASTV)) -> FALSE
B44: zo | C44: 45942 | D44: =CONCATENATE(CALC2223!A43," ",CALC2223!C43," ",CALC2223!E43) | E44: =CONCATENATE(CALC2223!G43," ",CALC2223!I43," ",CALC2223!K43) | F44: =CONCATENATE(CALC2223!M43," ",CALC2223!O43," ",CALC2223!Q43) | G44: =CONCATENATE(CALC2223!S43," ",CALC2223!U43," ",CALC2223!W43) | H44: =CONCATENATE(CALC2223!Y43," ",CALC2223!AA43," ",CALC2223!AC43) | I44: =CONCATENATE(CALC2223!AE43," ",CALC2223!AG43," ",CALC2223!AI43) | J44: =CONCATENATE(CALC2223!AK43," ",CALC2223!AM43," ",CALC2223!AO43) | K44: =CONCATENATE(CALC2223!AQ43," ",CALC2223!AS43," ",CALC2223!AU43," ",CALC2223!AW43) | L44: =IF(C44<TODAY(),"verleden","actueel") -> verleden | N44: =OR(VALUE(CALC2223!B43)>VALUE(LASTV),VALUE(CALC2223!D43)>VALUE(LASTV),VALUE(CALC2223!F43)>VALUE(LASTV)) -> FALSE | O44: =OR(VALUE(CALC2223!H43)>VALUE(LASTV),VALUE(CALC2223!J43)>VALUE(LASTV),VALUE(CALC2223!L43)>VALUE(LASTV)) -> FALSE | P44: =OR(VALUE(CALC2223!N43)>VALUE(LASTV),VALUE(CALC2223!P43)>VALUE(LASTV),VALUE(CALC2223!R43)>VALUE(LASTV)) -> FALSE | Q44: =OR(VALUE(CALC2223!T43)>VALUE(LASTV),VALUE(CALC2223!V43)>VALUE(LASTV),VALUE(CALC2223!X43)>VALUE(LASTV)) -> FALSE | R44: =OR(VALUE(CALC2223!Z43)>VALUE(LASTV),VALUE(CALC2223!AB43)>VALUE(LASTV),VALUE(CALC2223!AD43)>VALUE(LASTV)) -> FALSE | S44: =OR(VALUE(CALC2223!AF43)>VALUE(LASTV),VALUE(CALC2223!AH43)>VALUE(LASTV),VALUE(CALC2223!AJ43)>VALUE(LASTV)) -> FALSE | T44: =OR(VALUE(CALC2223!AL43)>VALUE(LASTV),VALUE(CALC2223!AN43)>VALUE(LASTV),VALUE(CALC2223!AP43)>VALUE(LASTV)) -> FALSE | U44: =OR(VALUE(CALC2223!AR43)>VALUE(LASTV),VALUE(CALC2223!AT43)>VALUE(LASTV),VALUE(CALC2223!AV43)>VALUE(LASTV)) -> FALSE
A45: 42 | B45: ma | C45: 45943 | D45: =CONCATENATE(CALC2223!A44," ",CALC2223!C44," ",CALC2223!E44) | E45: =CONCATENATE(CALC2223!G44," ",CALC2223!I44," ",CALC2223!K44) | F45: =CONCATENATE(CALC2223!M44," ",CALC2223!O44," ",CALC2223!Q44) | G45: =CONCATENATE(CALC2223!S44," ",CALC2223!U44," ",CALC2223!W44) | H45: =CONCATENATE(CALC2223!Y44," ",CALC2223!AA44," ",CALC2223!AC44) -> SE WID inh rep bi | I45: =CONCATENATE(CALC2223!AE44," ",CALC2223!AG44," ",CALC2223!AI44) -> SE sk/SE gs | J45: =CONCATENATE(CALC2223!AK44," ",CALC2223!AM44," ",CALC2223!AO44) | K45: =CONCATENATE(CALC2223!AQ44," ",CALC2223!AS44," ",CALC2223!AU44," ",CALC2223!AW44) | L45: =IF(C45<TODAY(),"verleden","actueel") -> verleden | N45: =OR(VALUE(CALC2223!B44)>VALUE(LASTV),VALUE(CALC2223!D44)>VALUE(LASTV),VALUE(CALC2223!F44)>VALUE(LASTV)) -> FALSE | O45: =OR(VALUE(CALC2223!H44)>VALUE(LASTV),VALUE(CALC2223!J44)>VALUE(LASTV),VALUE(CALC2223!L44)>VALUE(LASTV)) -> FALSE | P45: =OR(VALUE(CALC2223!N44)>VALUE(LASTV),VALUE(CALC2223!P44)>VALUE(LASTV),VALUE(CALC2223!R44)>VALUE(LASTV)) -> FALSE | Q45: =OR(VALUE(CALC2223!T44)>VALUE(LASTV),VALUE(CALC2223!V44)>VALUE(LASTV),VALUE(CALC2223!X44)>VALUE(LASTV)) -> FALSE | R45: =OR(VALUE(CALC2223!Z44)>VALUE(LASTV),VALUE(CALC2223!AB44)>VALUE(LASTV),VALUE(CALC2223!AD44)>VALUE(LASTV)) -> FALSE | S45: =OR(VALUE(CALC2223!AF44)>VALUE(LASTV),VALUE(CALC2223!AH44)>VALUE(LASTV),VALUE(CALC2223!AJ44)>VALUE(LASTV)) -> FALSE | T45: =OR(VALUE(CALC2223!AL44)>VALUE(LASTV),VALUE(CALC2223!AN44)>VALUE(LASTV),VALUE(CALC2223!AP44)>VALUE(LASTV)) -> FALSE | U45: =OR(VALUE(CALC2223!AR44)>VALUE(LASTV),VALUE(CALC2223!AT44)>VALUE(LASTV),VALUE(CALC2223!AV44)>VALUE(LASTV)) -> FALSE
B46: di | C46: 45944 | D46: =CONCATENATE(CALC2223!A45," ",CALC2223!C45," ",CALC2223!E45) | E46: =CONCATENATE(CALC2223!G45," ",CALC2223!I45," ",CALC2223!K45) | F46: =CONCATENATE(CALC2223!M45," ",CALC2223!O45," ",CALC2223!Q45) | G46: =CONCATENATE(CALC2223!S45," ",CALC2223!U45," ",CALC2223!W45) -> Rep EC | H46: =CONCATENATE(CALC2223!Y45," ",CALC2223!AA45," ",CALC2223!AC45) | I46: =CONCATENATE(CALC2223!AE45," ",CALC2223!AG45," ",CALC2223!AI45) -> SE ak/SE wiD | J46: =CONCATENATE(CALC2223!AK45," ",CALC2223!AM45," ",CALC2223!AO45) -> animus ouderavond | K46: =CONCATENATE(CALC2223!AQ45," ",CALC2223!AS45," ",CALC2223!AU45," ",CALC2223!AW45) | L46: =IF(C46<TODAY(),"verleden","actueel") -> verleden | N46: =OR(VALUE(CALC2223!B45)>VALUE(LASTV),VALUE(CALC2223!D45)>VALUE(LASTV),VALUE(CALC2223!F45)>VALUE(LASTV)) -> FALSE | O46: =OR(VALUE(CALC2223!H45)>VALUE(LASTV),VALUE(CALC2223!J45)>VALUE(LASTV),VALUE(CALC2223!L45)>VALUE(LASTV)) -> FALSE | P46: =OR(VALUE(CALC2223!N45)>VALUE(LASTV),VALUE(CALC2223!P45)>VALUE(LASTV),VALUE(CALC2223!R45)>VALUE(LASTV)) -> FALSE | Q46: =OR(VALUE(CALC2223!T45)>VALUE(LASTV),VALUE(CALC2223!V45)>VALUE(LASTV),VALUE(CALC2223!X45)>VALUE(LASTV)) -> FALSE | R46: =OR(VALUE(CALC2223!Z45)>VALUE(LASTV),VALUE(CALC2223!AB45)>VALUE(LASTV),VALUE(CALC2223!AD45)>VALUE(LASTV)) -> FALSE | S46: =OR(VALUE(CALC2223!AF45)>VALUE(LASTV),VALUE(CALC2223!AH45)>VALUE(LASTV),VALUE(CALC2223!AJ45)>VALUE(LASTV)) -> FALSE | T46: =OR(VALUE(CALC2223!AL45)>VALUE(LASTV),VALUE(CALC2223!AN45)>VALUE(LASTV),VALUE(CALC2223!AP45)>VALUE(LASTV)) -> FALSE | U46: =OR(VALUE(CALC2223!AR45)>VALUE(LASTV),VALUE(CALC2223!AT45)>VALUE(LASTV),VALUE(CALC2223!AV45)>VALUE(LASTV)) -> FALSE
B47: wo | C47: 45945 | D47: =CONCATENATE(CALC2223!A46," ",CALC2223!C46," ",CALC2223!E46) -> Rep BIO | E47: =CONCATENATE(CALC2223!G46," ",CALC2223!I46," ",CALC2223!K46) | F47: =CONCATENATE(CALC2223!M46," ",CALC2223!O46," ",CALC2223!Q46) | G47: =CONCATENATE(CALC2223!S46," ",CALC2223!U46," ",CALC2223!W46) -> Bezoek voorstelling Confrontaties in stadsschouwburh | H47: =CONCATENATE(CALC2223!Y46," ",CALC2223!AA46," ",CALC2223!AC46) -> Rep GR/LA | I47: =CONCATENATE(CALC2223!AE46," ",CALC2223!AG46," ",CALC2223!AI46) -> SE Du/ SE bio | J47: =CONCATENATE(CALC2223!AK46," ",CALC2223!AM46," ",CALC2223!AO46) | K47: =CONCATENATE(CALC2223!AQ46," ",CALC2223!AS46," ",CALC2223!AU46," ",CALC2223!AW46) | L47: =IF(C47<TODAY(),"verleden","actueel") -> verleden | N47: =OR(VALUE(CALC2223!B46)>VALUE(LASTV),VALUE(CALC2223!D46)>VALUE(LASTV),VALUE(CALC2223!F46)>VALUE(LASTV)) -> FALSE | O47: =OR(VALUE(CALC2223!H46)>VALUE(LASTV),VALUE(CALC2223!J46)>VALUE(LASTV),VALUE(CALC2223!L46)>VALUE(LASTV)) -> FALSE | P47: =OR(VALUE(CALC2223!N46)>VALUE(LASTV),VALUE(CALC2223!P46)>VALUE(LASTV),VALUE(CALC2223!R46)>VALUE(LASTV)) -> FALSE | Q47: =OR(VALUE(CALC2223!T46)>VALUE(LASTV),VALUE(CALC2223!V46)>VALUE(LASTV),VALUE(CALC2223!X46)>VALUE(LASTV)) -> FALSE | R47: =OR(VALUE(CALC2223!Z46)>VALUE(LASTV),VALUE(CALC2223!AB46)>VALUE(LASTV),VALUE(CALC2223!AD46)>VALUE(LASTV)) -> FALSE | S47: =OR(VALUE(CALC2223!AF46)>VALUE(LASTV),VALUE(CALC2223!AH46)>VALUE(LASTV),VALUE(CALC2223!AJ46)>VALUE(LASTV)) -> FALSE | T47: =OR(VALUE(CALC2223!AL46)>VALUE(LASTV),VALUE(CALC2223!AN46)>VALUE(LASTV),VALUE(CALC2223!AP46)>VALUE(LASTV)) -> FALSE | U47: =OR(VALUE(CALC2223!AR46)>VALUE(LASTV),VALUE(CALC2223!AT46)>VALUE(LASTV),VALUE(CALC2223!AV46)>VALUE(LASTV)) -> FALSE
B48: do | C48: 45946 | D48: =CONCATENATE(CALC2223!A47," ",CALC2223!C47," ",CALC2223!E47) | E48: =CONCATENATE(CALC2223!G47," ",CALC2223!I47," ",CALC2223!K47) | F48: =CONCATENATE(CALC2223!M47," ",CALC2223!O47," ",CALC2223!Q47) -> Rep NA | G48: =CONCATENATE(CALC2223!S47," ",CALC2223!U47," ",CALC2223!W47) -> SE ANW | H48: =CONCATENATE(CALC2223!Y47," ",CALC2223!AA47," ",CALC2223!AC47) -> inh SE ak (geannuleerd) | I48: =CONCATENATE(CALC2223!AE47," ",CALC2223!AG47," ",CALC2223!AI47) -> SE fi/ SE na | J48: =CONCATENATE(CALC2223!AK47," ",CALC2223!AM47," ",CALC2223!AO47) -> studiemiddag groerpsdynamiek lezing Ivo Dokman | K48: =CONCATENATE(CALC2223!AQ47," ",CALC2223!AS47," ",CALC2223!AU47," ",CALC2223!AW47) | L48: =IF(C48<TODAY(),"verleden","actueel") -> verleden | N48: =OR(VALUE(CALC2223!B47)>VALUE(LASTV),VALUE(CALC2223!D47)>VALUE(LASTV),VALUE(CALC2223!F47)>VALUE(LASTV)) -> FALSE | O48: =OR(VALUE(CALC2223!H47)>VALUE(LASTV),VALUE(CALC2223!J47)>VALUE(LASTV),VALUE(CALC2223!L47)>VALUE(LASTV)) -> FALSE | P48: =OR(VALUE(CALC2223!N47)>VALUE(LASTV),VALUE(CALC2223!P47)>VALUE(LASTV),VALUE(CALC2223!R47)>VALUE(LASTV)) -> FALSE | Q48: =OR(VALUE(CALC2223!T47)>VALUE(LASTV),VALUE(CALC2223!V47)>VALUE(LASTV),VALUE(CALC2223!X47)>VALUE(LASTV)) -> FALSE | R48: =OR(VALUE(CALC2223!Z47)>VALUE(LASTV),VALUE(CALC2223!AB47)>VALUE(LASTV),VALUE(CALC2223!AD47)>VALUE(LASTV)) -> FALSE | S48: =OR(VALUE(CALC2223!AF47)>VALUE(LASTV),VALUE(CALC2223!AH47)>VALUE(LASTV),VALUE(CALC2223!AJ47)>VALUE(LASTV)) -> FALSE | T48: =OR(VALUE(CALC2223!AL47)>VALUE(LASTV),VALUE(CALC2223!AN47)>VALUE(LASTV),VALUE(CALC2223!AP47)>VALUE(LASTV)) -> FALSE | U48: =OR(VALUE(CALC2223!AR47)>VALUE(LASTV),VALUE(CALC2223!AT47)>VALUE(LASTV),VALUE(CALC2223!AV47)>VALUE(LASTV)) -> FALSE
B49: vr | C49: 45947 | D49: =CONCATENATE(CALC2223!A48," ",CALC2223!C48," ",CALC2223!E48) | E49: =CONCATENATE(CALC2223!G48," ",CALC2223!I48," ",CALC2223!K48) -> Rep WIS | F49: =CONCATENATE(CALC2223!M48," ",CALC2223!O48," ",CALC2223!Q48) | G49: =CONCATENATE(CALC2223!S48," ",CALC2223!U48," ",CALC2223!W48) -> Rep EN | H49: =CONCATENATE(CALC2223!Y48," ",CALC2223!AA48," ",CALC2223!AC48) -> rep wiC | I49: =CONCATENATE(CALC2223!AE48," ",CALC2223!AG48," ",CALC2223!AI48) -> SE wiABC | J49: =CONCATENATE(CALC2223!AK48," ",CALC2223!AM48," ",CALC2223!AO48) | K49: =CONCATENATE(CALC2223!AQ48," ",CALC2223!AS48," ",CALC2223!AU48," ",CALC2223!AW48) -> schoolfeest | L49: =IF(C49<TODAY(),"verleden","actueel") -> verleden | N49: =OR(VALUE(CALC2223!B48)>VALUE(LASTV),VALUE(CALC2223!D48)>VALUE(LASTV),VALUE(CALC2223!F48)>VALUE(LASTV)) -> FALSE | O49: =OR(VALUE(CALC2223!H48)>VALUE(LASTV),VALUE(CALC2223!J48)>VALUE(LASTV),VALUE(CALC2223!L48)>VALUE(LASTV)) -> FALSE | P49: =OR(VALUE(CALC2223!N48)>VALUE(LASTV),VALUE(CALC2223!P48)>VALUE(LASTV),VALUE(CALC2223!R48)>VALUE(LASTV)) -> FALSE | Q49: =OR(VALUE(CALC2223!T48)>VALUE(LASTV),VALUE(CALC2223!V48)>VALUE(LASTV),VALUE(CALC2223!X48)>VALUE(LASTV)) -> FALSE | R49: =OR(VALUE(CALC2223!Z48)>VALUE(LASTV),VALUE(CALC2223!AB48)>VALUE(LASTV),VALUE(CALC2223!AD48)>VALUE(LASTV)) -> FALSE | S49: =OR(VALUE(CALC2223!AF48)>VALUE(LASTV),VALUE(CALC2223!AH48)>VALUE(LASTV),VALUE(CALC2223!AJ48)>VALUE(LASTV)) -> FALSE | T49: =OR(VALUE(CALC2223!AL48)>VALUE(LASTV),VALUE(CALC2223!AN48)>VALUE(LASTV),VALUE(CALC2223!AP48)>VALUE(LASTV)) -> FALSE | U49: =OR(VALUE(CALC2223!AR48)>VALUE(LASTV),VALUE(CALC2223!AT48)>VALUE(LASTV),VALUE(CALC2223!AV48)>VALUE(LASTV)) -> FALSE
B50: za | C50: 45948 | D50: =CONCATENATE(CALC2223!A49," ",CALC2223!C49," ",CALC2223!E49) | E50: =CONCATENATE(CALC2223!G49," ",CALC2223!I49," ",CALC2223!K49) | F50: =CONCATENATE(CALC2223!M49," ",CALC2223!O49," ",CALC2223!Q49) | G50: =CONCATENATE(CALC2223!S49," ",CALC2223!U49," ",CALC2223!W49) | H50: =CONCATENATE(CALC2223!Y49," ",CALC2223!AA49," ",CALC2223!AC49) | I50: =CONCATENATE(CALC2223!AE49," ",CALC2223!AG49," ",CALC2223!AI49) | J50: =CONCATENATE(CALC2223!AK49," ",CALC2223!AM49," ",CALC2223!AO49) | K50: =CONCATENATE(CALC2223!AQ49," ",CALC2223!AS49," ",CALC2223!AU49," ",CALC2223!AW49) -> Herfstvakantie | L50: =IF(C50<TODAY(),"verleden","actueel") -> verleden | N50: =OR(VALUE(CALC2223!B49)>VALUE(LASTV),VALUE(CALC2223!D49)>VALUE(LASTV),VALUE(CALC2223!F49)>VALUE(LASTV)) -> FALSE | O50: =OR(VALUE(CALC2223!H49)>VALUE(LASTV),VALUE(CALC2223!J49)>VALUE(LASTV),VALUE(CALC2223!L49)>VALUE(LASTV)) -> FALSE | P50: =OR(VALUE(CALC2223!N49)>VALUE(LASTV),VALUE(CALC2223!P49)>VALUE(LASTV),VALUE(CALC2223!R49)>VALUE(LASTV)) -> FALSE | Q50: =OR(VALUE(CALC2223!T49)>VALUE(LASTV),VALUE(CALC2223!V49)>VALUE(LASTV),VALUE(CALC2223!X49)>VALUE(LASTV)) -> FALSE | R50: =OR(VALUE(CALC2223!Z49)>VALUE(LASTV),VALUE(CALC2223!AB49)>VALUE(LASTV),VALUE(CALC2223!AD49)>VALUE(LASTV)) -> FALSE | S50: =OR(VALUE(CALC2223!AF49)>VALUE(LASTV),VALUE(CALC2223!AH49)>VALUE(LASTV),VALUE(CALC2223!AJ49)>VALUE(LASTV)) -> FALSE | T50: =OR(VALUE(CALC2223!AL49)>VALUE(LASTV),VALUE(CALC2223!AN49)>VALUE(LASTV),VALUE(CALC2223!AP49)>VALUE(LASTV)) -> FALSE | U50: =OR(VALUE(CALC2223!AR49)>VALUE(LASTV),VALUE(CALC2223!AT49)>VALUE(LASTV),VALUE(CALC2223!AV49)>VALUE(LASTV)) -> FALSE
B51: zo | C51: 45949 | D51: =CONCATENATE(CALC2223!A50," ",CALC2223!C50," ",CALC2223!E50) | E51: =CONCATENATE(CALC2223!G50," ",CALC2223!I50," ",CALC2223!K50) | F51: =CONCATENATE(CALC2223!M50," ",CALC2223!O50," ",CALC2223!Q50) | G51: =CONCATENATE(CALC2223!S50," ",CALC2223!U50," ",CALC2223!W50) | H51: =CONCATENATE(CALC2223!Y50," ",CALC2223!AA50," ",CALC2223!AC50) | I51: =CONCATENATE(CALC2223!AE50," ",CALC2223!AG50," ",CALC2223!AI50) | J51: =CONCATENATE(CALC2223!AK50," ",CALC2223!AM50," ",CALC2223!AO50) | K51: =CONCATENATE(CALC2223!AQ50," ",CALC2223!AS50," ",CALC2223!AU50," ",CALC2223!AW50) | L51: =IF(C51<TODAY(),"verleden","actueel") -> verleden | N51: =OR(VALUE(CALC2223!B50)>VALUE(LASTV),VALUE(CALC2223!D50)>VALUE(LASTV),VALUE(CALC2223!F50)>VALUE(LASTV)) -> FALSE | O51: =OR(VALUE(CALC2223!H50)>VALUE(LASTV),VALUE(CALC2223!J50)>VALUE(LASTV),VALUE(CALC2223!L50)>VALUE(LASTV)) -> FALSE | P51: =OR(VALUE(CALC2223!N50)>VALUE(LASTV),VALUE(CALC2223!P50)>VALUE(LASTV),VALUE(CALC2223!R50)>VALUE(LASTV)) -> FALSE | Q51: =OR(VALUE(CALC2223!T50)>VALUE(LASTV),VALUE(CALC2223!V50)>VALUE(LASTV),VALUE(CALC2223!X50)>VALUE(LASTV)) -> FALSE | R51: =OR(VALUE(CALC2223!Z50)>VALUE(LASTV),VALUE(CALC2223!AB50)>VALUE(LASTV),VALUE(CALC2223!AD50)>VALUE(LASTV)) -> FALSE | S51: =OR(VALUE(CALC2223!AF50)>VALUE(LASTV),VALUE(CALC2223!AH50)>VALUE(LASTV),VALUE(CALC2223!AJ50)>VALUE(LASTV)) -> FALSE | T51: =OR(VALUE(CALC2223!AL50)>VALUE(LASTV),VALUE(CALC2223!AN50)>VALUE(LASTV),VALUE(CALC2223!AP50)>VALUE(LASTV)) -> FALSE | U51: =OR(VALUE(CALC2223!AR50)>VALUE(LASTV),VALUE(CALC2223!AT50)>VALUE(LASTV),VALUE(CALC2223!AV50)>VALUE(LASTV)) -> FALSE
A52: 43 | B52: ma | C52: 45950 | D52: =CONCATENATE(CALC2223!A51," ",CALC2223!C51," ",CALC2223!E51) | E52: =CONCATENATE(CALC2223!G51," ",CALC2223!I51," ",CALC2223!K51) | F52: =CONCATENATE(CALC2223!M51," ",CALC2223!O51," ",CALC2223!Q51) | G52: =CONCATENATE(CALC2223!S51," ",CALC2223!U51," ",CALC2223!W51) | H52: =CONCATENATE(CALC2223!Y51," ",CALC2223!AA51," ",CALC2223!AC51) | I52: =CONCATENATE(CALC2223!AE51," ",CALC2223!AG51," ",CALC2223!AI51) | J52: =CONCATENATE(CALC2223!AK51," ",CALC2223!AM51," ",CALC2223!AO51) | K52: =CONCATENATE(CALC2223!AQ51," ",CALC2223!AS51," ",CALC2223!AU51," ",CALC2223!AW51) -> herfstvakantie | L52: =IF(C52<TODAY(),"verleden","actueel") -> verleden | N52: =OR(VALUE(CALC2223!B51)>VALUE(LASTV),VALUE(CALC2223!D51)>VALUE(LASTV),VALUE(CALC2223!F51)>VALUE(LASTV)) -> FALSE | O52: =OR(VALUE(CALC2223!H51)>VALUE(LASTV),VALUE(CALC2223!J51)>VALUE(LASTV),VALUE(CALC2223!L51)>VALUE(LASTV)) -> FALSE | P52: =OR(VALUE(CALC2223!N51)>VALUE(LASTV),VALUE(CALC2223!P51)>VALUE(LASTV),VALUE(CALC2223!R51)>VALUE(LASTV)) -> FALSE | Q52: =OR(VALUE(CALC2223!T51)>VALUE(LASTV),VALUE(CALC2223!V51)>VALUE(LASTV),VALUE(CALC2223!X51)>VALUE(LASTV)) -> FALSE | R52: =OR(VALUE(CALC2223!Z51)>VALUE(LASTV),VALUE(CALC2223!AB51)>VALUE(LASTV),VALUE(CALC2223!AD51)>VALUE(LASTV)) -> FALSE | S52: =OR(VALUE(CALC2223!AF51)>VALUE(LASTV),VALUE(CALC2223!AH51)>VALUE(LASTV),VALUE(CALC2223!AJ51)>VALUE(LASTV)) -> FALSE | T52: =OR(VALUE(CALC2223!AL51)>VALUE(LASTV),VALUE(CALC2223!AN51)>VALUE(LASTV),VALUE(CALC2223!AP51)>VALUE(LASTV)) -> FALSE | U52: =OR(VALUE(CALC2223!AR51)>VALUE(LASTV),VALUE(CALC2223!AT51)>VALUE(LASTV),VALUE(CALC2223!AV51)>VALUE(LASTV)) -> FALSE
B53: di | C53: 45951 | D53: =CONCATENATE(CALC2223!A52," ",CALC2223!C52," ",CALC2223!E52) | E53: =CONCATENATE(CALC2223!G52," ",CALC2223!I52," ",CALC2223!K52) | F53: =CONCATENATE(CALC2223!M52," ",CALC2223!O52," ",CALC2223!Q52) | G53: =CONCATENATE(CALC2223!S52," ",CALC2223!U52," ",CALC2223!W52) | H53: =CONCATENATE(CALC2223!Y52," ",CALC2223!AA52," ",CALC2223!AC52) | I53: =CONCATENATE(CALC2223!AE52," ",CALC2223!AG52," ",CALC2223!AI52) | J53: =CONCATENATE(CALC2223!AK52," ",CALC2223!AM52," ",CALC2223!AO52) | K53: =CONCATENATE(CALC2223!AQ52," ",CALC2223!AS52," ",CALC2223!AU52," ",CALC2223!AW52) | L53: =IF(C53<TODAY(),"verleden","actueel") -> verleden | N53: =OR(VALUE(CALC2223!B52)>VALUE(LASTV),VALUE(CALC2223!D52)>VALUE(LASTV),VALUE(CALC2223!F52)>VALUE(LASTV)) -> FALSE | O53: =OR(VALUE(CALC2223!H52)>VALUE(LASTV),VALUE(CALC2223!J52)>VALUE(LASTV),VALUE(CALC2223!L52)>VALUE(LASTV)) -> FALSE | P53: =OR(VALUE(CALC2223!N52)>VALUE(LASTV),VALUE(CALC2223!P52)>VALUE(LASTV),VALUE(CALC2223!R52)>VALUE(LASTV)) -> FALSE | Q53: =OR(VALUE(CALC2223!T52)>VALUE(LASTV),VALUE(CALC2223!V52)>VALUE(LASTV),VALUE(CALC2223!X52)>VALUE(LASTV)) -> FALSE | R53: =OR(VALUE(CALC2223!Z52)>VALUE(LASTV),VALUE(CALC2223!AB52)>VALUE(LASTV),VALUE(CALC2223!AD52)>VALUE(LASTV)) -> FALSE | S53: =OR(VALUE(CALC2223!AF52)>VALUE(LASTV),VALUE(CALC2223!AH52)>VALUE(LASTV),VALUE(CALC2223!AJ52)>VALUE(LASTV)) -> FALSE | T53: =OR(VALUE(CALC2223!AL52)>VALUE(LASTV),VALUE(CALC2223!AN52)>VALUE(LASTV),VALUE(CALC2223!AP52)>VALUE(LASTV)) -> FALSE | U53: =OR(VALUE(CALC2223!AR52)>VALUE(LASTV),VALUE(CALC2223!AT52)>VALUE(LASTV),VALUE(CALC2223!AV52)>VALUE(LASTV)) -> FALSE
B54: wo | C54: 45952 | D54: =CONCATENATE(CALC2223!A53," ",CALC2223!C53," ",CALC2223!E53) | E54: =CONCATENATE(CALC2223!G53," ",CALC2223!I53," ",CALC2223!K53) | F54: =CONCATENATE(CALC2223!M53," ",CALC2223!O53," ",CALC2223!Q53) | G54: =CONCATENATE(CALC2223!S53," ",CALC2223!U53," ",CALC2223!W53) | H54: =CONCATENATE(CALC2223!Y53," ",CALC2223!AA53," ",CALC2223!AC53) | I54: =CONCATENATE(CALC2223!AE53," ",CALC2223!AG53," ",CALC2223!AI53) | J54: =CONCATENATE(CALC2223!AK53," ",CALC2223!AM53," ",CALC2223!AO53) | K54: =CONCATENATE(CALC2223!AQ53," ",CALC2223!AS53," ",CALC2223!AU53," ",CALC2223!AW53) | L54: =IF(C54<TODAY(),"verleden","actueel") -> verleden | N54: =OR(VALUE(CALC2223!B53)>VALUE(LASTV),VALUE(CALC2223!D53)>VALUE(LASTV),VALUE(CALC2223!F53)>VALUE(LASTV)) -> FALSE | O54: =OR(VALUE(CALC2223!H53)>VALUE(LASTV),VALUE(CALC2223!J53)>VALUE(LASTV),VALUE(CALC2223!L53)>VALUE(LASTV)) -> FALSE | P54: =OR(VALUE(CALC2223!N53)>VALUE(LASTV),VALUE(CALC2223!P53)>VALUE(LASTV),VALUE(CALC2223!R53)>VALUE(LASTV)) -> FALSE | Q54: =OR(VALUE(CALC2223!T53)>VALUE(LASTV),VALUE(CALC2223!V53)>VALUE(LASTV),VALUE(CALC2223!X53)>VALUE(LASTV)) -> FALSE | R54: =OR(VALUE(CALC2223!Z53)>VALUE(LASTV),VALUE(CALC2223!AB53)>VALUE(LASTV),VALUE(CALC2223!AD53)>VALUE(LASTV)) -> FALSE | S54: =OR(VALUE(CALC2223!AF53)>VALUE(LASTV),VALUE(CALC2223!AH53)>VALUE(LASTV),VALUE(CALC2223!AJ53)>VALUE(LASTV)) -> FALSE | T54: =OR(VALUE(CALC2223!AL53)>VALUE(LASTV),VALUE(CALC2223!AN53)>VALUE(LASTV),VALUE(CALC2223!AP53)>VALUE(LASTV)) -> FALSE | U54: =OR(VALUE(CALC2223!AR53)>VALUE(LASTV),VALUE(CALC2223!AT53)>VALUE(LASTV),VALUE(CALC2223!AV53)>VALUE(LASTV)) -> FALSE
B55: do | C55: 45953 | D55: =CONCATENATE(CALC2223!A54," ",CALC2223!C54," ",CALC2223!E54) | E55: =CONCATENATE(CALC2223!G54," ",CALC2223!I54," ",CALC2223!K54) | F55: =CONCATENATE(CALC2223!M54," ",CALC2223!O54," ",CALC2223!Q54) | G55: =CONCATENATE(CALC2223!S54," ",CALC2223!U54," ",CALC2223!W54) | H55: =CONCATENATE(CALC2223!Y54," ",CALC2223!AA54," ",CALC2223!AC54) | I55: =CONCATENATE(CALC2223!AE54," ",CALC2223!AG54," ",CALC2223!AI54) | J55: =CONCATENATE(CALC2223!AK54," ",CALC2223!AM54," ",CALC2223!AO54) | K55: =CONCATENATE(CALC2223!AQ54," ",CALC2223!AS54," ",CALC2223!AU54," ",CALC2223!AW54) | L55: =IF(C55<TODAY(),"verleden","actueel") -> verleden | N55: =OR(VALUE(CALC2223!B54)>VALUE(LASTV),VALUE(CALC2223!D54)>VALUE(LASTV),VALUE(CALC2223!F54)>VALUE(LASTV)) -> FALSE | O55: =OR(VALUE(CALC2223!H54)>VALUE(LASTV),VALUE(CALC2223!J54)>VALUE(LASTV),VALUE(CALC2223!L54)>VALUE(LASTV)) -> FALSE | P55: =OR(VALUE(CALC2223!N54)>VALUE(LASTV),VALUE(CALC2223!P54)>VALUE(LASTV),VALUE(CALC2223!R54)>VALUE(LASTV)) -> FALSE | Q55: =OR(VALUE(CALC2223!T54)>VALUE(LASTV),VALUE(CALC2223!V54)>VALUE(LASTV),VALUE(CALC2223!X54)>VALUE(LASTV)) -> FALSE | R55: =OR(VALUE(CALC2223!Z54)>VALUE(LASTV),VALUE(CALC2223!AB54)>VALUE(LASTV),VALUE(CALC2223!AD54)>VALUE(LASTV)) -> FALSE | S55: =OR(VALUE(CALC2223!AF54)>VALUE(LASTV),VALUE(CALC2223!AH54)>VALUE(LASTV),VALUE(CALC2223!AJ54)>VALUE(LASTV)) -> FALSE | T55: =OR(VALUE(CALC2223!AL54)>VALUE(LASTV),VALUE(CALC2223!AN54)>VALUE(LASTV),VALUE(CALC2223!AP54)>VALUE(LASTV)) -> FALSE | U55: =OR(VALUE(CALC2223!AR54)>VALUE(LASTV),VALUE(CALC2223!AT54)>VALUE(LASTV),VALUE(CALC2223!AV54)>VALUE(LASTV)) -> FALSE
B56: vr | C56: 45954 | D56: =CONCATENATE(CALC2223!A55," ",CALC2223!C55," ",CALC2223!E55) | E56: =CONCATENATE(CALC2223!G55," ",CALC2223!I55," ",CALC2223!K55) | F56: =CONCATENATE(CALC2223!M55," ",CALC2223!O55," ",CALC2223!Q55) | G56: =CONCATENATE(CALC2223!S55," ",CALC2223!U55," ",CALC2223!W55) | H56: =CONCATENATE(CALC2223!Y55," ",CALC2223!AA55," ",CALC2223!AC55) | I56: =CONCATENATE(CALC2223!AE55," ",CALC2223!AG55," ",CALC2223!AI55) | J56: =CONCATENATE(CALC2223!AK55," ",CALC2223!AM55," ",CALC2223!AO55) | K56: =CONCATENATE(CALC2223!AQ55," ",CALC2223!AS55," ",CALC2223!AU55," ",CALC2223!AW55) | L56: =IF(C56<TODAY(),"verleden","actueel") -> verleden | N56: =OR(VALUE(CALC2223!B55)>VALUE(LASTV),VALUE(CALC2223!D55)>VALUE(LASTV),VALUE(CALC2223!F55)>VALUE(LASTV)) -> FALSE | O56: =OR(VALUE(CALC2223!H55)>VALUE(LASTV),VALUE(CALC2223!J55)>VALUE(LASTV),VALUE(CALC2223!L55)>VALUE(LASTV)) -> FALSE | P56: =OR(VALUE(CALC2223!N55)>VALUE(LASTV),VALUE(CALC2223!P55)>VALUE(LASTV),VALUE(CALC2223!R55)>VALUE(LASTV)) -> FALSE | Q56: =OR(VALUE(CALC2223!T55)>VALUE(LASTV),VALUE(CALC2223!V55)>VALUE(LASTV),VALUE(CALC2223!X55)>VALUE(LASTV)) -> FALSE | R56: =OR(VALUE(CALC2223!Z55)>VALUE(LASTV),VALUE(CALC2223!AB55)>VALUE(LASTV),VALUE(CALC2223!AD55)>VALUE(LASTV)) -> FALSE | S56: =OR(VALUE(CALC2223!AF55)>VALUE(LASTV),VALUE(CALC2223!AH55)>VALUE(LASTV),VALUE(CALC2223!AJ55)>VALUE(LASTV)) -> FALSE | T56: =OR(VALUE(CALC2223!AL55)>VALUE(LASTV),VALUE(CALC2223!AN55)>VALUE(LASTV),VALUE(CALC2223!AP55)>VALUE(LASTV)) -> FALSE | U56: =OR(VALUE(CALC2223!AR55)>VALUE(LASTV),VALUE(CALC2223!AT55)>VALUE(LASTV),VALUE(CALC2223!AV55)>VALUE(LASTV)) -> FALSE
B57: za | C57: 45955 | D57: =CONCATENATE(CALC2223!A56," ",CALC2223!C56," ",CALC2223!E56) | E57: =CONCATENATE(CALC2223!G56," ",CALC2223!I56," ",CALC2223!K56) | F57: =CONCATENATE(CALC2223!M56," ",CALC2223!O56," ",CALC2223!Q56) | G57: =CONCATENATE(CALC2223!S56," ",CALC2223!U56," ",CALC2223!W56) | H57: =CONCATENATE(CALC2223!Y56," ",CALC2223!AA56," ",CALC2223!AC56) | I57: =CONCATENATE(CALC2223!AE56," ",CALC2223!AG56," ",CALC2223!AI56) | J57: =CONCATENATE(CALC2223!AK56," ",CALC2223!AM56," ",CALC2223!AO56) | K57: =CONCATENATE(CALC2223!AQ56," ",CALC2223!AS56," ",CALC2223!AU56," ",CALC2223!AW56) | L57: =IF(C57<TODAY(),"verleden","actueel") -> verleden | N57: =OR(VALUE(CALC2223!B56)>VALUE(LASTV),VALUE(CALC2223!D56)>VALUE(LASTV),VALUE(CALC2223!F56)>VALUE(LASTV)) -> FALSE | O57: =OR(VALUE(CALC2223!H56)>VALUE(LASTV),VALUE(CALC2223!J56)>VALUE(LASTV),VALUE(CALC2223!L56)>VALUE(LASTV)) -> FALSE | P57: =OR(VALUE(CALC2223!N56)>VALUE(LASTV),VALUE(CALC2223!P56)>VALUE(LASTV),VALUE(CALC2223!R56)>VALUE(LASTV)) -> FALSE | Q57: =OR(VALUE(CALC2223!T56)>VALUE(LASTV),VALUE(CALC2223!V56)>VALUE(LASTV),VALUE(CALC2223!X56)>VALUE(LASTV)) -> FALSE | R57: =OR(VALUE(CALC2223!Z56)>VALUE(LASTV),VALUE(CALC2223!AB56)>VALUE(LASTV),VALUE(CALC2223!AD56)>VALUE(LASTV)) -> FALSE | S57: =OR(VALUE(CALC2223!AF56)>VALUE(LASTV),VALUE(CALC2223!AH56)>VALUE(LASTV),VALUE(CALC2223!AJ56)>VALUE(LASTV)) -> FALSE | T57: =OR(VALUE(CALC2223!AL56)>VALUE(LASTV),VALUE(CALC2223!AN56)>VALUE(LASTV),VALUE(CALC2223!AP56)>VALUE(LASTV)) -> FALSE | U57: =OR(VALUE(CALC2223!AR56)>VALUE(LASTV),VALUE(CALC2223!AT56)>VALUE(LASTV),VALUE(CALC2223!AV56)>VALUE(LASTV)) -> FALSE
B58: zo | C58: 45956 | D58: =CONCATENATE(CALC2223!A57," ",CALC2223!C57," ",CALC2223!E57) | E58: =CONCATENATE(CALC2223!G57," ",CALC2223!I57," ",CALC2223!K57) | F58: =CONCATENATE(CALC2223!M57," ",CALC2223!O57," ",CALC2223!Q57) | G58: =CONCATENATE(CALC2223!S57," ",CALC2223!U57," ",CALC2223!W57) | H58: =CONCATENATE(CALC2223!Y57," ",CALC2223!AA57," ",CALC2223!AC57) | I58: =CONCATENATE(CALC2223!AE57," ",CALC2223!AG57," ",CALC2223!AI57) | J58: =CONCATENATE(CALC2223!AK57," ",CALC2223!AM57," ",CALC2223!AO57) | K58: =CONCATENATE(CALC2223!AQ57," ",CALC2223!AS57," ",CALC2223!AU57," ",CALC2223!AW57) | L58: =IF(C58<TODAY(),"verleden","actueel") -> verleden | N58: =OR(VALUE(CALC2223!B57)>VALUE(LASTV),VALUE(CALC2223!D57)>VALUE(LASTV),VALUE(CALC2223!F57)>VALUE(LASTV)) -> FALSE | O58: =OR(VALUE(CALC2223!H57)>VALUE(LASTV),VALUE(CALC2223!J57)>VALUE(LASTV),VALUE(CALC2223!L57)>VALUE(LASTV)) -> FALSE | P58: =OR(VALUE(CALC2223!N57)>VALUE(LASTV),VALUE(CALC2223!P57)>VALUE(LASTV),VALUE(CALC2223!R57)>VALUE(LASTV)) -> FALSE | Q58: =OR(VALUE(CALC2223!T57)>VALUE(LASTV),VALUE(CALC2223!V57)>VALUE(LASTV),VALUE(CALC2223!X57)>VALUE(LASTV)) -> FALSE | R58: =OR(VALUE(CALC2223!Z57)>VALUE(LASTV),VALUE(CALC2223!AB57)>VALUE(LASTV),VALUE(CALC2223!AD57)>VALUE(LASTV)) -> FALSE | S58: =OR(VALUE(CALC2223!AF57)>VALUE(LASTV),VALUE(CALC2223!AH57)>VALUE(LASTV),VALUE(CALC2223!AJ57)>VALUE(LASTV)) -> FALSE | T58: =OR(VALUE(CALC2223!AL57)>VALUE(LASTV),VALUE(CALC2223!AN57)>VALUE(LASTV),VALUE(CALC2223!AP57)>VALUE(LASTV)) -> FALSE | U58: =OR(VALUE(CALC2223!AR57)>VALUE(LASTV),VALUE(CALC2223!AT57)>VALUE(LASTV),VALUE(CALC2223!AV57)>VALUE(LASTV)) -> FALSE
A59: 44 | B59: ma | C59: 45957 | D59: =CONCATENATE(CALC2223!A58," ",CALC2223!C58," ",CALC2223!E58) | E59: =CONCATENATE(CALC2223!G58," ",CALC2223!I58," ",CALC2223!K58) | F59: =CONCATENATE(CALC2223!M58," ",CALC2223!O58," ",CALC2223!Q58) | G59: =CONCATENATE(CALC2223!S58," ",CALC2223!U58," ",CALC2223!W58) -> inh rep WI | H59: =CONCATENATE(CALC2223!Y58," ",CALC2223!AA58," ",CALC2223!AC58) -> SE WIB Rep WIA inh rep beco | I59: =CONCATENATE(CALC2223!AE58," ",CALC2223!AG58," ",CALC2223!AI58) | J59: =CONCATENATE(CALC2223!AK58," ",CALC2223!AM58," ",CALC2223!AO58) | K59: =CONCATENATE(CALC2223!AQ58," ",CALC2223!AS58," ",CALC2223!AU58," ",CALC2223!AW58) | L59: =IF(C59<TODAY(),"verleden","actueel") -> verleden | N59: =OR(VALUE(CALC2223!B58)>VALUE(LASTV),VALUE(CALC2223!D58)>VALUE(LASTV),VALUE(CALC2223!F58)>VALUE(LASTV)) -> FALSE | O59: =OR(VALUE(CALC2223!H58)>VALUE(LASTV),VALUE(CALC2223!J58)>VALUE(LASTV),VALUE(CALC2223!L58)>VALUE(LASTV)) -> FALSE | P59: =OR(VALUE(CALC2223!N58)>VALUE(LASTV),VALUE(CALC2223!P58)>VALUE(LASTV),VALUE(CALC2223!R58)>VALUE(LASTV)) -> FALSE | Q59: =OR(VALUE(CALC2223!T58)>VALUE(LASTV),VALUE(CALC2223!V58)>VALUE(LASTV),VALUE(CALC2223!X58)>VALUE(LASTV)) -> FALSE | R59: =OR(VALUE(CALC2223!Z58)>VALUE(LASTV),VALUE(CALC2223!AB58)>VALUE(LASTV),VALUE(CALC2223!AD58)>VALUE(LASTV)) -> FALSE | S59: =OR(VALUE(CALC2223!AF58)>VALUE(LASTV),VALUE(CALC2223!AH58)>VALUE(LASTV),VALUE(CALC2223!AJ58)>VALUE(LASTV)) -> FALSE | T59: =OR(VALUE(CALC2223!AL58)>VALUE(LASTV),VALUE(CALC2223!AN58)>VALUE(LASTV),VALUE(CALC2223!AP58)>VALUE(LASTV)) -> FALSE | U59: =OR(VALUE(CALC2223!AR58)>VALUE(LASTV),VALUE(CALC2223!AT58)>VALUE(LASTV),VALUE(CALC2223!AV58)>VALUE(LASTV)) -> FALSE
B60: di | C60: 45958 | D60: =CONCATENATE(CALC2223!A59," ",CALC2223!C59," ",CALC2223!E59) | E60: =CONCATENATE(CALC2223!G59," ",CALC2223!I59," ",CALC2223!K59) | F60: =CONCATENATE(CALC2223!M59," ",CALC2223!O59," ",CALC2223!Q59) | G60: =CONCATENATE(CALC2223!S59," ",CALC2223!U59," ",CALC2223!W59) -> Rep GS Uitwisseling Munster op bezoek bij CGU | H60: =CONCATENATE(CALC2223!Y59," ",CALC2223!AA59," ",CALC2223!AC59) -> inh rep wiC | I60: =CONCATENATE(CALC2223!AE59," ",CALC2223!AG59," ",CALC2223!AI59) -> inhalen SE | J60: =CONCATENATE(CALC2223!AK59," ",CALC2223!AM59," ",CALC2223!AO59) | K60: =CONCATENATE(CALC2223!AQ59," ",CALC2223!AS59," ",CALC2223!AU59," ",CALC2223!AW59) | L60: =IF(C60<TODAY(),"verleden","actueel") -> verleden | N60: =OR(VALUE(CALC2223!B59)>VALUE(LASTV),VALUE(CALC2223!D59)>VALUE(LASTV),VALUE(CALC2223!F59)>VALUE(LASTV)) -> FALSE | O60: =OR(VALUE(CALC2223!H59)>VALUE(LASTV),VALUE(CALC2223!J59)>VALUE(LASTV),VALUE(CALC2223!L59)>VALUE(LASTV)) -> FALSE | P60: =OR(VALUE(CALC2223!N59)>VALUE(LASTV),VALUE(CALC2223!P59)>VALUE(LASTV),VALUE(CALC2223!R59)>VALUE(LASTV)) -> FALSE | Q60: =OR(VALUE(CALC2223!T59)>VALUE(LASTV),VALUE(CALC2223!V59)>VALUE(LASTV),VALUE(CALC2223!X59)>VALUE(LASTV)) -> FALSE | R60: =OR(VALUE(CALC2223!Z59)>VALUE(LASTV),VALUE(CALC2223!AB59)>VALUE(LASTV),VALUE(CALC2223!AD59)>VALUE(LASTV)) -> FALSE | S60: =OR(VALUE(CALC2223!AF59)>VALUE(LASTV),VALUE(CALC2223!AH59)>VALUE(LASTV),VALUE(CALC2223!AJ59)>VALUE(LASTV)) -> FALSE | T60: =OR(VALUE(CALC2223!AL59)>VALUE(LASTV),VALUE(CALC2223!AN59)>VALUE(LASTV),VALUE(CALC2223!AP59)>VALUE(LASTV)) -> FALSE | U60: =OR(VALUE(CALC2223!AR59)>VALUE(LASTV),VALUE(CALC2223!AT59)>VALUE(LASTV),VALUE(CALC2223!AV59)>VALUE(LASTV)) -> FALSE
B61: wo | C61: 45959 | D61: =CONCATENATE(CALC2223!A60," ",CALC2223!C60," ",CALC2223!E60) | E61: =CONCATENATE(CALC2223!G60," ",CALC2223!I60," ",CALC2223!K60) | F61: =CONCATENATE(CALC2223!M60," ",CALC2223!O60," ",CALC2223!Q60) | G61: =CONCATENATE(CALC2223!S60," ",CALC2223!U60," ",CALC2223!W60) -> Uitwisseling Munster op bezoek bij CGU inh rep EC | H61: =CONCATENATE(CALC2223!Y60," ",CALC2223!AA60," ",CALC2223!AC60) -> Rep FI | I61: =CONCATENATE(CALC2223!AE60," ",CALC2223!AG60," ",CALC2223!AI60) -> KuBV excursie centraal museum (4e en 5e uur) | J61: =CONCATENATE(CALC2223!AK60," ",CALC2223!AM60," ",CALC2223!AO60) | K61: =CONCATENATE(CALC2223!AQ60," ",CALC2223!AS60," ",CALC2223!AU60," ",CALC2223!AW60) | L61: =IF(C61<TODAY(),"verleden","actueel") -> verleden | N61: =OR(VALUE(CALC2223!B60)>VALUE(LASTV),VALUE(CALC2223!D60)>VALUE(LASTV),VALUE(CALC2223!F60)>VALUE(LASTV)) -> FALSE | O61: =OR(VALUE(CALC2223!H60)>VALUE(LASTV),VALUE(CALC2223!J60)>VALUE(LASTV),VALUE(CALC2223!L60)>VALUE(LASTV)) -> FALSE | P61: =OR(VALUE(CALC2223!N60)>VALUE(LASTV),VALUE(CALC2223!P60)>VALUE(LASTV),VALUE(CALC2223!R60)>VALUE(LASTV)) -> FALSE | Q61: =OR(VALUE(CALC2223!T60)>VALUE(LASTV),VALUE(CALC2223!V60)>VALUE(LASTV),VALUE(CALC2223!X60)>VALUE(LASTV)) -> FALSE | R61: =OR(VALUE(CALC2223!Z60)>VALUE(LASTV),VALUE(CALC2223!AB60)>VALUE(LASTV),VALUE(CALC2223!AD60)>VALUE(LASTV)) -> FALSE | S61: =OR(VALUE(CALC2223!AF60)>VALUE(LASTV),VALUE(CALC2223!AH60)>VALUE(LASTV),VALUE(CALC2223!AJ60)>VALUE(LASTV)) -> FALSE | T61: =OR(VALUE(CALC2223!AL60)>VALUE(LASTV),VALUE(CALC2223!AN60)>VALUE(LASTV),VALUE(CALC2223!AP60)>VALUE(LASTV)) -> FALSE | U61: =OR(VALUE(CALC2223!AR60)>VALUE(LASTV),VALUE(CALC2223!AT60)>VALUE(LASTV),VALUE(CALC2223!AV60)>VALUE(LASTV)) -> FALSE
B62: do | C62: 45960 | D62: =CONCATENATE(CALC2223!A61," ",CALC2223!C61," ",CALC2223!E61) | E62: =CONCATENATE(CALC2223!G61," ",CALC2223!I61," ",CALC2223!K61) | F62: =CONCATENATE(CALC2223!M61," ",CALC2223!O61," ",CALC2223!Q61) -> Rep SK | G62: =CONCATENATE(CALC2223!S61," ",CALC2223!U61," ",CALC2223!W61) -> Uitwisseling Munster op bezoek bij CGU inh rep EN | H62: =CONCATENATE(CALC2223!Y61," ",CALC2223!AA61," ",CALC2223!AC61) -> inh SE wiD | I62: =CONCATENATE(CALC2223!AE61," ",CALC2223!AG61," ",CALC2223!AI61) -> LO2:1 | J62: =CONCATENATE(CALC2223!AK61," ",CALC2223!AM61," ",CALC2223!AO61) -> Kenniscarroussel | K62: =CONCATENATE(CALC2223!AQ61," ",CALC2223!AS61," ",CALC2223!AU61," ",CALC2223!AW61) | L62: =IF(C62<TODAY(),"verleden","actueel") -> verleden | N62: =OR(VALUE(CALC2223!B61)>VALUE(LASTV),VALUE(CALC2223!D61)>VALUE(LASTV),VALUE(CALC2223!F61)>VALUE(LASTV)) -> FALSE | O62: =OR(VALUE(CALC2223!H61)>VALUE(LASTV),VALUE(CALC2223!J61)>VALUE(LASTV),VALUE(CALC2223!L61)>VALUE(LASTV)) -> FALSE | P62: =OR(VALUE(CALC2223!N61)>VALUE(LASTV),VALUE(CALC2223!P61)>VALUE(LASTV),VALUE(CALC2223!R61)>VALUE(LASTV)) -> FALSE | Q62: =OR(VALUE(CALC2223!T61)>VALUE(LASTV),VALUE(CALC2223!V61)>VALUE(LASTV),VALUE(CALC2223!X61)>VALUE(LASTV)) -> FALSE | R62: =OR(VALUE(CALC2223!Z61)>VALUE(LASTV),VALUE(CALC2223!AB61)>VALUE(LASTV),VALUE(CALC2223!AD61)>VALUE(LASTV)) -> FALSE | S62: =OR(VALUE(CALC2223!AF61)>VALUE(LASTV),VALUE(CALC2223!AH61)>VALUE(LASTV),VALUE(CALC2223!AJ61)>VALUE(LASTV)) -> FALSE | T62: =OR(VALUE(CALC2223!AL61)>VALUE(LASTV),VALUE(CALC2223!AN61)>VALUE(LASTV),VALUE(CALC2223!AP61)>VALUE(LASTV)) -> FALSE | U62: =OR(VALUE(CALC2223!AR61)>VALUE(LASTV),VALUE(CALC2223!AT61)>VALUE(LASTV),VALUE(CALC2223!AV61)>VALUE(LASTV)) -> FALSE
B63: vr | C63: 45961 | D63: =CONCATENATE(CALC2223!A62," ",CALC2223!C62," ",CALC2223!E62) | E63: =CONCATENATE(CALC2223!G62," ",CALC2223!I62," ",CALC2223!K62) -> Rep AK | F63: =CONCATENATE(CALC2223!M62," ",CALC2223!O62," ",CALC2223!Q62) | G63: =CONCATENATE(CALC2223!S62," ",CALC2223!U62," ",CALC2223!W62) -> Rep FI | H63: =CONCATENATE(CALC2223!Y62," ",CALC2223!AA62," ",CALC2223!AC62) | I63: =CONCATENATE(CALC2223!AE62," ",CALC2223!AG62," ",CALC2223!AI62) | J63: =CONCATENATE(CALC2223!AK62," ",CALC2223!AM62," ",CALC2223!AO62) | K63: =CONCATENATE(CALC2223!AQ62," ",CALC2223!AS62," ",CALC2223!AU62," ",CALC2223!AW62) | L63: =IF(C63<TODAY(),"verleden","actueel") -> verleden | N63: =OR(VALUE(CALC2223!B62)>VALUE(LASTV),VALUE(CALC2223!D62)>VALUE(LASTV),VALUE(CALC2223!F62)>VALUE(LASTV)) -> FALSE | O63: =OR(VALUE(CALC2223!H62)>VALUE(LASTV),VALUE(CALC2223!J62)>VALUE(LASTV),VALUE(CALC2223!L62)>VALUE(LASTV)) -> FALSE | P63: =OR(VALUE(CALC2223!N62)>VALUE(LASTV),VALUE(CALC2223!P62)>VALUE(LASTV),VALUE(CALC2223!R62)>VALUE(LASTV)) -> FALSE | Q63: =OR(VALUE(CALC2223!T62)>VALUE(LASTV),VALUE(CALC2223!V62)>VALUE(LASTV),VALUE(CALC2223!X62)>VALUE(LASTV)) -> FALSE | R63: =OR(VALUE(CALC2223!Z62)>VALUE(LASTV),VALUE(CALC2223!AB62)>VALUE(LASTV),VALUE(CALC2223!AD62)>VALUE(LASTV)) -> FALSE | S63: =OR(VALUE(CALC2223!AF62)>VALUE(LASTV),VALUE(CALC2223!AH62)>VALUE(LASTV),VALUE(CALC2223!AJ62)>VALUE(LASTV)) -> FALSE | T63: =OR(VALUE(CALC2223!AL62)>VALUE(LASTV),VALUE(CALC2223!AN62)>VALUE(LASTV),VALUE(CALC2223!AP62)>VALUE(LASTV)) -> FALSE | U63: =OR(VALUE(CALC2223!AR62)>VALUE(LASTV),VALUE(CALC2223!AT62)>VALUE(LASTV),VALUE(CALC2223!AV62)>VALUE(LASTV)) -> FALSE
B64: za | C64: 45962 | D64: =CONCATENATE(CALC2223!A63," ",CALC2223!C63," ",CALC2223!E63) | E64: =CONCATENATE(CALC2223!G63," ",CALC2223!I63," ",CALC2223!K63) | F64: =CONCATENATE(CALC2223!M63," ",CALC2223!O63," ",CALC2223!Q63) | G64: =CONCATENATE(CALC2223!S63," ",CALC2223!U63," ",CALC2223!W63) | H64: =CONCATENATE(CALC2223!Y63," ",CALC2223!AA63," ",CALC2223!AC63) | I64: =CONCATENATE(CALC2223!AE63," ",CALC2223!AG63," ",CALC2223!AI63) | J64: =CONCATENATE(CALC2223!AK63," ",CALC2223!AM63," ",CALC2223!AO63) | K64: =CONCATENATE(CALC2223!AQ63," ",CALC2223!AS63," ",CALC2223!AU63," ",CALC2223!AW63) | L64: =IF(C64<TODAY(),"verleden","actueel") -> verleden | N64: =OR(VALUE(CALC2223!B63)>VALUE(LASTV),VALUE(CALC2223!D63)>VALUE(LASTV),VALUE(CALC2223!F63)>VALUE(LASTV)) -> FALSE | O64: =OR(VALUE(CALC2223!H63)>VALUE(LASTV),VALUE(CALC2223!J63)>VALUE(LASTV),VALUE(CALC2223!L63)>VALUE(LASTV)) -> FALSE | P64: =OR(VALUE(CALC2223!N63)>VALUE(LASTV),VALUE(CALC2223!P63)>VALUE(LASTV),VALUE(CALC2223!R63)>VALUE(LASTV)) -> FALSE | Q64: =OR(VALUE(CALC2223!T63)>VALUE(LASTV),VALUE(CALC2223!V63)>VALUE(LASTV),VALUE(CALC2223!X63)>VALUE(LASTV)) -> FALSE | R64: =OR(VALUE(CALC2223!Z63)>VALUE(LASTV),VALUE(CALC2223!AB63)>VALUE(LASTV),VALUE(CALC2223!AD63)>VALUE(LASTV)) -> FALSE | S64: =OR(VALUE(CALC2223!AF63)>VALUE(LASTV),VALUE(CALC2223!AH63)>VALUE(LASTV),VALUE(CALC2223!AJ63)>VALUE(LASTV)) -> FALSE | T64: =OR(VALUE(CALC2223!AL63)>VALUE(LASTV),VALUE(CALC2223!AN63)>VALUE(LASTV),VALUE(CALC2223!AP63)>VALUE(LASTV)) -> FALSE | U64: =OR(VALUE(CALC2223!AR63)>VALUE(LASTV),VALUE(CALC2223!AT63)>VALUE(LASTV),VALUE(CALC2223!AV63)>VALUE(LASTV)) -> FALSE
B65: zo | C65: 45963 | D65: =CONCATENATE(CALC2223!A64," ",CALC2223!C64," ",CALC2223!E64) | E65: =CONCATENATE(CALC2223!G64," ",CALC2223!I64," ",CALC2223!K64) | F65: =CONCATENATE(CALC2223!M64," ",CALC2223!O64," ",CALC2223!Q64) | G65: =CONCATENATE(CALC2223!S64," ",CALC2223!U64," ",CALC2223!W64) | H65: =CONCATENATE(CALC2223!Y64," ",CALC2223!AA64," ",CALC2223!AC64) | I65: =CONCATENATE(CALC2223!AE64," ",CALC2223!AG64," ",CALC2223!AI64) | J65: =CONCATENATE(CALC2223!AK64," ",CALC2223!AM64," ",CALC2223!AO64) | K65: =CONCATENATE(CALC2223!AQ64," ",CALC2223!AS64," ",CALC2223!AU64," ",CALC2223!AW64) | L65: =IF(C65<TODAY(),"verleden","actueel") -> verleden | N65: =OR(VALUE(CALC2223!B64)>VALUE(LASTV),VALUE(CALC2223!D64)>VALUE(LASTV),VALUE(CALC2223!F64)>VALUE(LASTV)) -> FALSE | O65: =OR(VALUE(CALC2223!H64)>VALUE(LASTV),VALUE(CALC2223!J64)>VALUE(LASTV),VALUE(CALC2223!L64)>VALUE(LASTV)) -> FALSE | P65: =OR(VALUE(CALC2223!N64)>VALUE(LASTV),VALUE(CALC2223!P64)>VALUE(LASTV),VALUE(CALC2223!R64)>VALUE(LASTV)) -> FALSE | Q65: =OR(VALUE(CALC2223!T64)>VALUE(LASTV),VALUE(CALC2223!V64)>VALUE(LASTV),VALUE(CALC2223!X64)>VALUE(LASTV)) -> FALSE | R65: =OR(VALUE(CALC2223!Z64)>VALUE(LASTV),VALUE(CALC2223!AB64)>VALUE(LASTV),VALUE(CALC2223!AD64)>VALUE(LASTV)) -> FALSE | S65: =OR(VALUE(CALC2223!AF64)>VALUE(LASTV),VALUE(CALC2223!AH64)>VALUE(LASTV),VALUE(CALC2223!AJ64)>VALUE(LASTV)) -> FALSE | T65: =OR(VALUE(CALC2223!AL64)>VALUE(LASTV),VALUE(CALC2223!AN64)>VALUE(LASTV),VALUE(CALC2223!AP64)>VALUE(LASTV)) -> FALSE | U65: =OR(VALUE(CALC2223!AR64)>VALUE(LASTV),VALUE(CALC2223!AT64)>VALUE(LASTV),VALUE(CALC2223!AV64)>VALUE(LASTV)) -> FALSE
A66: 45 | B66: ma | C66: 45964 | D66: =CONCATENATE(CALC2223!A65," ",CALC2223!C65," ",CALC2223!E65) | E66: =CONCATENATE(CALC2223!G65," ",CALC2223!I65," ",CALC2223!K65) | F66: =CONCATENATE(CALC2223!M65," ",CALC2223!O65," ",CALC2223!Q65) | G66: =CONCATENATE(CALC2223!S65," ",CALC2223!U65," ",CALC2223!W65) -> inh SE ANW | H66: =CONCATENATE(CALC2223!Y65," ",CALC2223!AA65," ",CALC2223!AC65) -> Rep SK inh rep GR/LA | I66: =CONCATENATE(CALC2223!AE65," ",CALC2223!AG65," ",CALC2223!AI65) | J66: =CONCATENATE(CALC2223!AK65," ",CALC2223!AM65," ",CALC2223!AO65) | K66: =CONCATENATE(CALC2223!AQ65," ",CALC2223!AS65," ",CALC2223!AU65," ",CALC2223!AW65) | L66: =IF(C66<TODAY(),"verleden","actueel") -> verleden | N66: =OR(VALUE(CALC2223!B65)>VALUE(LASTV),VALUE(CALC2223!D65)>VALUE(LASTV),VALUE(CALC2223!F65)>VALUE(LASTV)) -> FALSE | O66: =OR(VALUE(CALC2223!H65)>VALUE(LASTV),VALUE(CALC2223!J65)>VALUE(LASTV),VALUE(CALC2223!L65)>VALUE(LASTV)) -> FALSE | P66: =OR(VALUE(CALC2223!N65)>VALUE(LASTV),VALUE(CALC2223!P65)>VALUE(LASTV),VALUE(CALC2223!R65)>VALUE(LASTV)) -> FALSE | Q66: =OR(VALUE(CALC2223!T65)>VALUE(LASTV),VALUE(CALC2223!V65)>VALUE(LASTV),VALUE(CALC2223!X65)>VALUE(LASTV)) -> FALSE | R66: =OR(VALUE(CALC2223!Z65)>VALUE(LASTV),VALUE(CALC2223!AB65)>VALUE(LASTV),VALUE(CALC2223!AD65)>VALUE(LASTV)) -> FALSE | S66: =OR(VALUE(CALC2223!AF65)>VALUE(LASTV),VALUE(CALC2223!AH65)>VALUE(LASTV),VALUE(CALC2223!AJ65)>VALUE(LASTV)) -> FALSE | T66: =OR(VALUE(CALC2223!AL65)>VALUE(LASTV),VALUE(CALC2223!AN65)>VALUE(LASTV),VALUE(CALC2223!AP65)>VALUE(LASTV)) -> FALSE | U66: =OR(VALUE(CALC2223!AR65)>VALUE(LASTV),VALUE(CALC2223!AT65)>VALUE(LASTV),VALUE(CALC2223!AV65)>VALUE(LASTV)) -> FALSE
B67: di | C67: 45965 | D67: =CONCATENATE(CALC2223!A66," ",CALC2223!C66," ",CALC2223!E66) | E67: =CONCATENATE(CALC2223!G66," ",CALC2223!I66," ",CALC2223!K66) | F67: =CONCATENATE(CALC2223!M66," ",CALC2223!O66," ",CALC2223!Q66) | G67: =CONCATENATE(CALC2223!S66," ",CALC2223!U66," ",CALC2223!W66) -> Rep NA | H67: =CONCATENATE(CALC2223!Y66," ",CALC2223!AA66," ",CALC2223!AC66) | I67: =CONCATENATE(CALC2223!AE66," ",CALC2223!AG66," ",CALC2223!AI66) | J67: =CONCATENATE(CALC2223!AK66," ",CALC2223!AM66," ",CALC2223!AO66) | K67: =CONCATENATE(CALC2223!AQ66," ",CALC2223!AS66," ",CALC2223!AU66," ",CALC2223!AW66) | L67: =IF(C67<TODAY(),"verleden","actueel") -> verleden | N67: =OR(VALUE(CALC2223!B66)>VALUE(LASTV),VALUE(CALC2223!D66)>VALUE(LASTV),VALUE(CALC2223!F66)>VALUE(LASTV)) -> FALSE | O67: =OR(VALUE(CALC2223!H66)>VALUE(LASTV),VALUE(CALC2223!J66)>VALUE(LASTV),VALUE(CALC2223!L66)>VALUE(LASTV)) -> FALSE | P67: =OR(VALUE(CALC2223!N66)>VALUE(LASTV),VALUE(CALC2223!P66)>VALUE(LASTV),VALUE(CALC2223!R66)>VALUE(LASTV)) -> FALSE | Q67: =OR(VALUE(CALC2223!T66)>VALUE(LASTV),VALUE(CALC2223!V66)>VALUE(LASTV),VALUE(CALC2223!X66)>VALUE(LASTV)) -> FALSE | R67: =OR(VALUE(CALC2223!Z66)>VALUE(LASTV),VALUE(CALC2223!AB66)>VALUE(LASTV),VALUE(CALC2223!AD66)>VALUE(LASTV)) -> FALSE | S67: =OR(VALUE(CALC2223!AF66)>VALUE(LASTV),VALUE(CALC2223!AH66)>VALUE(LASTV),VALUE(CALC2223!AJ66)>VALUE(LASTV)) -> FALSE | T67: =OR(VALUE(CALC2223!AL66)>VALUE(LASTV),VALUE(CALC2223!AN66)>VALUE(LASTV),VALUE(CALC2223!AP66)>VALUE(LASTV)) -> FALSE | U67: =OR(VALUE(CALC2223!AR66)>VALUE(LASTV),VALUE(CALC2223!AT66)>VALUE(LASTV),VALUE(CALC2223!AV66)>VALUE(LASTV)) -> FALSE
B68: wo | C68: 45966 | D68: =CONCATENATE(CALC2223!A67," ",CALC2223!C67," ",CALC2223!E67) -> Rep AK | E68: =CONCATENATE(CALC2223!G67," ",CALC2223!I67," ",CALC2223!K67) | F68: =CONCATENATE(CALC2223!M67," ",CALC2223!O67," ",CALC2223!Q67) | G68: =CONCATENATE(CALC2223!S67," ",CALC2223!U67," ",CALC2223!W67) | H68: =CONCATENATE(CALC2223!Y67," ",CALC2223!AA67," ",CALC2223!AC67) -> Rep BI | I68: =CONCATENATE(CALC2223!AE67," ",CALC2223!AG67," ",CALC2223!AI67) | J68: =CONCATENATE(CALC2223!AK67," ",CALC2223!AM67," ",CALC2223!AO67) | K68: =CONCATENATE(CALC2223!AQ67," ",CALC2223!AS67," ",CALC2223!AU67," ",CALC2223!AW67) | L68: =IF(C68<TODAY(),"verleden","actueel") -> verleden | N68: =OR(VALUE(CALC2223!B67)>VALUE(LASTV),VALUE(CALC2223!D67)>VALUE(LASTV),VALUE(CALC2223!F67)>VALUE(LASTV)) -> FALSE | O68: =OR(VALUE(CALC2223!H67)>VALUE(LASTV),VALUE(CALC2223!J67)>VALUE(LASTV),VALUE(CALC2223!L67)>VALUE(LASTV)) -> FALSE | P68: =OR(VALUE(CALC2223!N67)>VALUE(LASTV),VALUE(CALC2223!P67)>VALUE(LASTV),VALUE(CALC2223!R67)>VALUE(LASTV)) -> FALSE | Q68: =OR(VALUE(CALC2223!T67)>VALUE(LASTV),VALUE(CALC2223!V67)>VALUE(LASTV),VALUE(CALC2223!X67)>VALUE(LASTV)) -> FALSE | R68: =OR(VALUE(CALC2223!Z67)>VALUE(LASTV),VALUE(CALC2223!AB67)>VALUE(LASTV),VALUE(CALC2223!AD67)>VALUE(LASTV)) -> FALSE | S68: =OR(VALUE(CALC2223!AF67)>VALUE(LASTV),VALUE(CALC2223!AH67)>VALUE(LASTV),VALUE(CALC2223!AJ67)>VALUE(LASTV)) -> FALSE | T68: =OR(VALUE(CALC2223!AL67)>VALUE(LASTV),VALUE(CALC2223!AN67)>VALUE(LASTV),VALUE(CALC2223!AP67)>VALUE(LASTV)) -> FALSE | U68: =OR(VALUE(CALC2223!AR67)>VALUE(LASTV),VALUE(CALC2223!AT67)>VALUE(LASTV),VALUE(CALC2223!AV67)>VALUE(LASTV)) -> FALSE
B69: do | C69: 45967 | D69: =CONCATENATE(CALC2223!A68," ",CALC2223!C68," ",CALC2223!E68) | E69: =CONCATENATE(CALC2223!G68," ",CALC2223!I68," ",CALC2223!K68) | F69: =CONCATENATE(CALC2223!M68," ",CALC2223!O68," ",CALC2223!Q68) -> Rep EN | G69: =CONCATENATE(CALC2223!S68," ",CALC2223!U68," ",CALC2223!W68) | H69: =CONCATENATE(CALC2223!Y68," ",CALC2223!AA68," ",CALC2223!AC68) | I69: =CONCATENATE(CALC2223!AE68," ",CALC2223!AG68," ",CALC2223!AI68) -> LO2:2 | J69: =CONCATENATE(CALC2223!AK68," ",CALC2223!AM68," ",CALC2223!AO68) -> studiemiddag#1 | K69: =CONCATENATE(CALC2223!AQ68," ",CALC2223!AS68," ",CALC2223!AU68," ",CALC2223!AW68) | L69: =IF(C69<TODAY(),"verleden","actueel") -> verleden | N69: =OR(VALUE(CALC2223!B68)>VALUE(LASTV),VALUE(CALC2223!D68)>VALUE(LASTV),VALUE(CALC2223!F68)>VALUE(LASTV)) -> FALSE | O69: =OR(VALUE(CALC2223!H68)>VALUE(LASTV),VALUE(CALC2223!J68)>VALUE(LASTV),VALUE(CALC2223!L68)>VALUE(LASTV)) -> FALSE | P69: =OR(VALUE(CALC2223!N68)>VALUE(LASTV),VALUE(CALC2223!P68)>VALUE(LASTV),VALUE(CALC2223!R68)>VALUE(LASTV)) -> FALSE | Q69: =OR(VALUE(CALC2223!T68)>VALUE(LASTV),VALUE(CALC2223!V68)>VALUE(LASTV),VALUE(CALC2223!X68)>VALUE(LASTV)) -> FALSE | R69: =OR(VALUE(CALC2223!Z68)>VALUE(LASTV),VALUE(CALC2223!AB68)>VALUE(LASTV),VALUE(CALC2223!AD68)>VALUE(LASTV)) -> FALSE | S69: =OR(VALUE(CALC2223!AF68)>VALUE(LASTV),VALUE(CALC2223!AH68)>VALUE(LASTV),VALUE(CALC2223!AJ68)>VALUE(LASTV)) -> FALSE | T69: =OR(VALUE(CALC2223!AL68)>VALUE(LASTV),VALUE(CALC2223!AN68)>VALUE(LASTV),VALUE(CALC2223!AP68)>VALUE(LASTV)) -> FALSE | U69: =OR(VALUE(CALC2223!AR68)>VALUE(LASTV),VALUE(CALC2223!AT68)>VALUE(LASTV),VALUE(CALC2223!AV68)>VALUE(LASTV)) -> FALSE
B70: vr | C70: 45968 | D70: =CONCATENATE(CALC2223!A69," ",CALC2223!C69," ",CALC2223!E69) | E70: =CONCATENATE(CALC2223!G69," ",CALC2223!I69," ",CALC2223!K69) -> Rep EN | F70: =CONCATENATE(CALC2223!M69," ",CALC2223!O69," ",CALC2223!Q69) | G70: =CONCATENATE(CALC2223!S69," ",CALC2223!U69," ",CALC2223!W69) -> Rep SK | H70: =CONCATENATE(CALC2223!Y69," ",CALC2223!AA69," ",CALC2223!AC69) | I70: =CONCATENATE(CALC2223!AE69," ",CALC2223!AG69," ",CALC2223!AI69) | J70: =CONCATENATE(CALC2223!AK69," ",CALC2223!AM69," ",CALC2223!AO69) | K70: =CONCATENATE(CALC2223!AQ69," ",CALC2223!AS69," ",CALC2223!AU69," ",CALC2223!AW69) | L70: =IF(C70<TODAY(),"verleden","actueel") -> verleden | N70: =OR(VALUE(CALC2223!B69)>VALUE(LASTV),VALUE(CALC2223!D69)>VALUE(LASTV),VALUE(CALC2223!F69)>VALUE(LASTV)) -> FALSE | O70: =OR(VALUE(CALC2223!H69)>VALUE(LASTV),VALUE(CALC2223!J69)>VALUE(LASTV),VALUE(CALC2223!L69)>VALUE(LASTV)) -> FALSE | P70: =OR(VALUE(CALC2223!N69)>VALUE(LASTV),VALUE(CALC2223!P69)>VALUE(LASTV),VALUE(CALC2223!R69)>VALUE(LASTV)) -> FALSE | Q70: =OR(VALUE(CALC2223!T69)>VALUE(LASTV),VALUE(CALC2223!V69)>VALUE(LASTV),VALUE(CALC2223!X69)>VALUE(LASTV)) -> FALSE | R70: =OR(VALUE(CALC2223!Z69)>VALUE(LASTV),VALUE(CALC2223!AB69)>VALUE(LASTV),VALUE(CALC2223!AD69)>VALUE(LASTV)) -> FALSE | S70: =OR(VALUE(CALC2223!AF69)>VALUE(LASTV),VALUE(CALC2223!AH69)>VALUE(LASTV),VALUE(CALC2223!AJ69)>VALUE(LASTV)) -> FALSE | T70: =OR(VALUE(CALC2223!AL69)>VALUE(LASTV),VALUE(CALC2223!AN69)>VALUE(LASTV),VALUE(CALC2223!AP69)>VALUE(LASTV)) -> FALSE | U70: =OR(VALUE(CALC2223!AR69)>VALUE(LASTV),VALUE(CALC2223!AT69)>VALUE(LASTV),VALUE(CALC2223!AV69)>VALUE(LASTV)) -> FALSE
B71: za | C71: 45969 | D71: =CONCATENATE(CALC2223!A70," ",CALC2223!C70," ",CALC2223!E70) | E71: =CONCATENATE(CALC2223!G70," ",CALC2223!I70," ",CALC2223!K70) | F71: =CONCATENATE(CALC2223!M70," ",CALC2223!O70," ",CALC2223!Q70) | G71: =CONCATENATE(CALC2223!S70," ",CALC2223!U70," ",CALC2223!W70) | H71: =CONCATENATE(CALC2223!Y70," ",CALC2223!AA70," ",CALC2223!AC70) | I71: =CONCATENATE(CALC2223!AE70," ",CALC2223!AG70," ",CALC2223!AI70) | J71: =CONCATENATE(CALC2223!AK70," ",CALC2223!AM70," ",CALC2223!AO70) | K71: =CONCATENATE(CALC2223!AQ70," ",CALC2223!AS70," ",CALC2223!AU70," ",CALC2223!AW70) | L71: =IF(C71<TODAY(),"verleden","actueel") -> verleden | N71: =OR(VALUE(CALC2223!B70)>VALUE(LASTV),VALUE(CALC2223!D70)>VALUE(LASTV),VALUE(CALC2223!F70)>VALUE(LASTV)) -> FALSE | O71: =OR(VALUE(CALC2223!H70)>VALUE(LASTV),VALUE(CALC2223!J70)>VALUE(LASTV),VALUE(CALC2223!L70)>VALUE(LASTV)) -> FALSE | P71: =OR(VALUE(CALC2223!N70)>VALUE(LASTV),VALUE(CALC2223!P70)>VALUE(LASTV),VALUE(CALC2223!R70)>VALUE(LASTV)) -> FALSE | Q71: =OR(VALUE(CALC2223!T70)>VALUE(LASTV),VALUE(CALC2223!V70)>VALUE(LASTV),VALUE(CALC2223!X70)>VALUE(LASTV)) -> FALSE | R71: =OR(VALUE(CALC2223!Z70)>VALUE(LASTV),VALUE(CALC2223!AB70)>VALUE(LASTV),VALUE(CALC2223!AD70)>VALUE(LASTV)) -> FALSE | S71: =OR(VALUE(CALC2223!AF70)>VALUE(LASTV),VALUE(CALC2223!AH70)>VALUE(LASTV),VALUE(CALC2223!AJ70)>VALUE(LASTV)) -> FALSE | T71: =OR(VALUE(CALC2223!AL70)>VALUE(LASTV),VALUE(CALC2223!AN70)>VALUE(LASTV),VALUE(CALC2223!AP70)>VALUE(LASTV)) -> FALSE | U71: =OR(VALUE(CALC2223!AR70)>VALUE(LASTV),VALUE(CALC2223!AT70)>VALUE(LASTV),VALUE(CALC2223!AV70)>VALUE(LASTV)) -> FALSE
B72: zo | C72: 45970 | D72: =CONCATENATE(CALC2223!A71," ",CALC2223!C71," ",CALC2223!E71) | E72: =CONCATENATE(CALC2223!G71," ",CALC2223!I71," ",CALC2223!K71) | F72: =CONCATENATE(CALC2223!M71," ",CALC2223!O71," ",CALC2223!Q71) | G72: =CONCATENATE(CALC2223!S71," ",CALC2223!U71," ",CALC2223!W71) | H72: =CONCATENATE(CALC2223!Y71," ",CALC2223!AA71," ",CALC2223!AC71) | I72: =CONCATENATE(CALC2223!AE71," ",CALC2223!AG71," ",CALC2223!AI71) | J72: =CONCATENATE(CALC2223!AK71," ",CALC2223!AM71," ",CALC2223!AO71) | K72: =CONCATENATE(CALC2223!AQ71," ",CALC2223!AS71," ",CALC2223!AU71," ",CALC2223!AW71) | L72: =IF(C72<TODAY(),"verleden","actueel") -> verleden | N72: =OR(VALUE(CALC2223!B71)>VALUE(LASTV),VALUE(CALC2223!D71)>VALUE(LASTV),VALUE(CALC2223!F71)>VALUE(LASTV)) -> FALSE | O72: =OR(VALUE(CALC2223!H71)>VALUE(LASTV),VALUE(CALC2223!J71)>VALUE(LASTV),VALUE(CALC2223!L71)>VALUE(LASTV)) -> FALSE | P72: =OR(VALUE(CALC2223!N71)>VALUE(LASTV),VALUE(CALC2223!P71)>VALUE(LASTV),VALUE(CALC2223!R71)>VALUE(LASTV)) -> FALSE | Q72: =OR(VALUE(CALC2223!T71)>VALUE(LASTV),VALUE(CALC2223!V71)>VALUE(LASTV),VALUE(CALC2223!X71)>VALUE(LASTV)) -> FALSE | R72: =OR(VALUE(CALC2223!Z71)>VALUE(LASTV),VALUE(CALC2223!AB71)>VALUE(LASTV),VALUE(CALC2223!AD71)>VALUE(LASTV)) -> FALSE | S72: =OR(VALUE(CALC2223!AF71)>VALUE(LASTV),VALUE(CALC2223!AH71)>VALUE(LASTV),VALUE(CALC2223!AJ71)>VALUE(LASTV)) -> FALSE | T72: =OR(VALUE(CALC2223!AL71)>VALUE(LASTV),VALUE(CALC2223!AN71)>VALUE(LASTV),VALUE(CALC2223!AP71)>VALUE(LASTV)) -> FALSE | U72: =OR(VALUE(CALC2223!AR71)>VALUE(LASTV),VALUE(CALC2223!AT71)>VALUE(LASTV),VALUE(CALC2223!AV71)>VALUE(LASTV)) -> FALSE
A73: 46 | B73: ma | C73: 45971 | D73: =CONCATENATE(CALC2223!A72," ",CALC2223!C72," ",CALC2223!E72) | E73: =CONCATENATE(CALC2223!G72," ",CALC2223!I72," ",CALC2223!K72) | F73: =CONCATENATE(CALC2223!M72," ",CALC2223!O72," ",CALC2223!Q72) | G73: =CONCATENATE(CALC2223!S72," ",CALC2223!U72," ",CALC2223!W72) -> inh rep GS | H73: =CONCATENATE(CALC2223!Y72," ",CALC2223!AA72," ",CALC2223!AC72) -> Rep EN inh rep wiA/SE wiB | I73: =CONCATENATE(CALC2223!AE72," ",CALC2223!AG72," ",CALC2223!AI72) | J73: =CONCATENATE(CALC2223!AK72," ",CALC2223!AM72," ",CALC2223!AO72) | K73: =CONCATENATE(CALC2223!AQ72," ",CALC2223!AS72," ",CALC2223!AU72," ",CALC2223!AW72) -> periode 2 | L73: =IF(C73<TODAY(),"verleden","actueel") -> verleden | N73: =OR(VALUE(CALC2223!B72)>VALUE(LASTV),VALUE(CALC2223!D72)>VALUE(LASTV),VALUE(CALC2223!F72)>VALUE(LASTV)) -> FALSE | O73: =OR(VALUE(CALC2223!H72)>VALUE(LASTV),VALUE(CALC2223!J72)>VALUE(LASTV),VALUE(CALC2223!L72)>VALUE(LASTV)) -> FALSE | P73: =OR(VALUE(CALC2223!N72)>VALUE(LASTV),VALUE(CALC2223!P72)>VALUE(LASTV),VALUE(CALC2223!R72)>VALUE(LASTV)) -> FALSE | Q73: =OR(VALUE(CALC2223!T72)>VALUE(LASTV),VALUE(CALC2223!V72)>VALUE(LASTV),VALUE(CALC2223!X72)>VALUE(LASTV)) -> FALSE | R73: =OR(VALUE(CALC2223!Z72)>VALUE(LASTV),VALUE(CALC2223!AB72)>VALUE(LASTV),VALUE(CALC2223!AD72)>VALUE(LASTV)) -> FALSE | S73: =OR(VALUE(CALC2223!AF72)>VALUE(LASTV),VALUE(CALC2223!AH72)>VALUE(LASTV),VALUE(CALC2223!AJ72)>VALUE(LASTV)) -> FALSE | T73: =OR(VALUE(CALC2223!AL72)>VALUE(LASTV),VALUE(CALC2223!AN72)>VALUE(LASTV),VALUE(CALC2223!AP72)>VALUE(LASTV)) -> FALSE | U73: =OR(VALUE(CALC2223!AR72)>VALUE(LASTV),VALUE(CALC2223!AT72)>VALUE(LASTV),VALUE(CALC2223!AV72)>VALUE(LASTV)) -> FALSE
B74: di | C74: 45972 | D74: =CONCATENATE(CALC2223!A73," ",CALC2223!C73," ",CALC2223!E73) | E74: =CONCATENATE(CALC2223!G73," ",CALC2223!I73," ",CALC2223!K73) | F74: =CONCATENATE(CALC2223!M73," ",CALC2223!O73," ",CALC2223!Q73) | G74: =CONCATENATE(CALC2223!S73," ",CALC2223!U73," ",CALC2223!W73) -> Rep LA | H74: =CONCATENATE(CALC2223!Y73," ",CALC2223!AA73," ",CALC2223!AC73) | I74: =CONCATENATE(CALC2223!AE73," ",CALC2223!AG73," ",CALC2223!AI73) | J74: =CONCATENATE(CALC2223!AK73," ",CALC2223!AM73," ",CALC2223!AO73) | K74: =CONCATENATE(CALC2223!AQ73," ",CALC2223!AS73," ",CALC2223!AU73," ",CALC2223!AW73) | L74: =IF(C74<TODAY(),"verleden","actueel") -> verleden | N74: =OR(VALUE(CALC2223!B73)>VALUE(LASTV),VALUE(CALC2223!D73)>VALUE(LASTV),VALUE(CALC2223!F73)>VALUE(LASTV)) -> FALSE | O74: =OR(VALUE(CALC2223!H73)>VALUE(LASTV),VALUE(CALC2223!J73)>VALUE(LASTV),VALUE(CALC2223!L73)>VALUE(LASTV)) -> FALSE | P74: =OR(VALUE(CALC2223!N73)>VALUE(LASTV),VALUE(CALC2223!P73)>VALUE(LASTV),VALUE(CALC2223!R73)>VALUE(LASTV)) -> FALSE | Q74: =OR(VALUE(CALC2223!T73)>VALUE(LASTV),VALUE(CALC2223!V73)>VALUE(LASTV),VALUE(CALC2223!X73)>VALUE(LASTV)) -> FALSE | R74: =OR(VALUE(CALC2223!Z73)>VALUE(LASTV),VALUE(CALC2223!AB73)>VALUE(LASTV),VALUE(CALC2223!AD73)>VALUE(LASTV)) -> FALSE | S74: =OR(VALUE(CALC2223!AF73)>VALUE(LASTV),VALUE(CALC2223!AH73)>VALUE(LASTV),VALUE(CALC2223!AJ73)>VALUE(LASTV)) -> FALSE | T74: =OR(VALUE(CALC2223!AL73)>VALUE(LASTV),VALUE(CALC2223!AN73)>VALUE(LASTV),VALUE(CALC2223!AP73)>VALUE(LASTV)) -> FALSE | U74: =OR(VALUE(CALC2223!AR73)>VALUE(LASTV),VALUE(CALC2223!AT73)>VALUE(LASTV),VALUE(CALC2223!AV73)>VALUE(LASTV)) -> FALSE
B75: wo | C75: 45973 | D75: =CONCATENATE(CALC2223!A74," ",CALC2223!C74," ",CALC2223!E74) -> Rep FA | E75: =CONCATENATE(CALC2223!G74," ",CALC2223!I74," ",CALC2223!K74) | F75: =CONCATENATE(CALC2223!M74," ",CALC2223!O74," ",CALC2223!Q74) | G75: =CONCATENATE(CALC2223!S74," ",CALC2223!U74," ",CALC2223!W74) -> naar Rennes uitwisseling Fa | H75: =CONCATENATE(CALC2223!Y74," ",CALC2223!AA74," ",CALC2223!AC74) -> Rep EC | I75: =CONCATENATE(CALC2223!AE74," ",CALC2223!AG74," ",CALC2223!AI74) | J75: =CONCATENATE(CALC2223!AK74," ",CALC2223!AM74," ",CALC2223!AO74) | K75: =CONCATENATE(CALC2223!AQ74," ",CALC2223!AS74," ",CALC2223!AU74," ",CALC2223!AW74) | L75: =IF(C75<TODAY(),"verleden","actueel") -> verleden | N75: =OR(VALUE(CALC2223!B74)>VALUE(LASTV),VALUE(CALC2223!D74)>VALUE(LASTV),VALUE(CALC2223!F74)>VALUE(LASTV)) -> FALSE | O75: =OR(VALUE(CALC2223!H74)>VALUE(LASTV),VALUE(CALC2223!J74)>VALUE(LASTV),VALUE(CALC2223!L74)>VALUE(LASTV)) -> FALSE | P75: =OR(VALUE(CALC2223!N74)>VALUE(LASTV),VALUE(CALC2223!P74)>VALUE(LASTV),VALUE(CALC2223!R74)>VALUE(LASTV)) -> FALSE | Q75: =OR(VALUE(CALC2223!T74)>VALUE(LASTV),VALUE(CALC2223!V74)>VALUE(LASTV),VALUE(CALC2223!X74)>VALUE(LASTV)) -> FALSE | R75: =OR(VALUE(CALC2223!Z74)>VALUE(LASTV),VALUE(CALC2223!AB74)>VALUE(LASTV),VALUE(CALC2223!AD74)>VALUE(LASTV)) -> FALSE | S75: =OR(VALUE(CALC2223!AF74)>VALUE(LASTV),VALUE(CALC2223!AH74)>VALUE(LASTV),VALUE(CALC2223!AJ74)>VALUE(LASTV)) -> FALSE | T75: =OR(VALUE(CALC2223!AL74)>VALUE(LASTV),VALUE(CALC2223!AN74)>VALUE(LASTV),VALUE(CALC2223!AP74)>VALUE(LASTV)) -> FALSE | U75: =OR(VALUE(CALC2223!AR74)>VALUE(LASTV),VALUE(CALC2223!AT74)>VALUE(LASTV),VALUE(CALC2223!AV74)>VALUE(LASTV)) -> FALSE
B76: do | C76: 45974 | D76: =CONCATENATE(CALC2223!A75," ",CALC2223!C75," ",CALC2223!E75) | E76: =CONCATENATE(CALC2223!G75," ",CALC2223!I75," ",CALC2223!K75) | F76: =CONCATENATE(CALC2223!M75," ",CALC2223!O75," ",CALC2223!Q75) -> Rep AK | G76: =CONCATENATE(CALC2223!S75," ",CALC2223!U75," ",CALC2223!W75) -> inh rep FI | H76: =CONCATENATE(CALC2223!Y75," ",CALC2223!AA75," ",CALC2223!AC75) -> inh rep FI | I76: =CONCATENATE(CALC2223!AE75," ",CALC2223!AG75," ",CALC2223!AI75) | J76: =CONCATENATE(CALC2223!AK75," ",CALC2223!AM75," ",CALC2223!AO75) -> mentoren#3 | K76: =CONCATENATE(CALC2223!AQ75," ",CALC2223!AS75," ",CALC2223!AU75," ",CALC2223!AW75) -> ouderklankbord | L76: =IF(C76<TODAY(),"verleden","actueel") -> verleden | N76: =OR(VALUE(CALC2223!B75)>VALUE(LASTV),VALUE(CALC2223!D75)>VALUE(LASTV),VALUE(CALC2223!F75)>VALUE(LASTV)) -> FALSE | O76: =OR(VALUE(CALC2223!H75)>VALUE(LASTV),VALUE(CALC2223!J75)>VALUE(LASTV),VALUE(CALC2223!L75)>VALUE(LASTV)) -> FALSE | P76: =OR(VALUE(CALC2223!N75)>VALUE(LASTV),VALUE(CALC2223!P75)>VALUE(LASTV),VALUE(CALC2223!R75)>VALUE(LASTV)) -> FALSE | Q76: =OR(VALUE(CALC2223!T75)>VALUE(LASTV),VALUE(CALC2223!V75)>VALUE(LASTV),VALUE(CALC2223!X75)>VALUE(LASTV)) -> FALSE | R76: =OR(VALUE(CALC2223!Z75)>VALUE(LASTV),VALUE(CALC2223!AB75)>VALUE(LASTV),VALUE(CALC2223!AD75)>VALUE(LASTV)) -> FALSE | S76: =OR(VALUE(CALC2223!AF75)>VALUE(LASTV),VALUE(CALC2223!AH75)>VALUE(LASTV),VALUE(CALC2223!AJ75)>VALUE(LASTV)) -> FALSE | T76: =OR(VALUE(CALC2223!AL75)>VALUE(LASTV),VALUE(CALC2223!AN75)>VALUE(LASTV),VALUE(CALC2223!AP75)>VALUE(LASTV)) -> FALSE | U76: =OR(VALUE(CALC2223!AR75)>VALUE(LASTV),VALUE(CALC2223!AT75)>VALUE(LASTV),VALUE(CALC2223!AV75)>VALUE(LASTV)) -> FALSE
B77: vr | C77: 45975 | D77: =CONCATENATE(CALC2223!A76," ",CALC2223!C76," ",CALC2223!E76) | E77: =CONCATENATE(CALC2223!G76," ",CALC2223!I76," ",CALC2223!K76) -> Rep GR | F77: =CONCATENATE(CALC2223!M76," ",CALC2223!O76," ",CALC2223!Q76) | G77: =CONCATENATE(CALC2223!S76," ",CALC2223!U76," ",CALC2223!W76) -> Rep AK | H77: =CONCATENATE(CALC2223!Y76," ",CALC2223!AA76," ",CALC2223!AC76) | I77: =CONCATENATE(CALC2223!AE76," ",CALC2223!AG76," ",CALC2223!AI76) | J77: =CONCATENATE(CALC2223!AK76," ",CALC2223!AM76," ",CALC2223!AO76) | K77: =CONCATENATE(CALC2223!AQ76," ",CALC2223!AS76," ",CALC2223!AU76," ",CALC2223!AW76) -> ARS Café | L77: =IF(C77<TODAY(),"verleden","actueel") -> verleden | N77: =OR(VALUE(CALC2223!B76)>VALUE(LASTV),VALUE(CALC2223!D76)>VALUE(LASTV),VALUE(CALC2223!F76)>VALUE(LASTV)) -> FALSE | O77: =OR(VALUE(CALC2223!H76)>VALUE(LASTV),VALUE(CALC2223!J76)>VALUE(LASTV),VALUE(CALC2223!L76)>VALUE(LASTV)) -> FALSE | P77: =OR(VALUE(CALC2223!N76)>VALUE(LASTV),VALUE(CALC2223!P76)>VALUE(LASTV),VALUE(CALC2223!R76)>VALUE(LASTV)) -> FALSE | Q77: =OR(VALUE(CALC2223!T76)>VALUE(LASTV),VALUE(CALC2223!V76)>VALUE(LASTV),VALUE(CALC2223!X76)>VALUE(LASTV)) -> FALSE | R77: =OR(VALUE(CALC2223!Z76)>VALUE(LASTV),VALUE(CALC2223!AB76)>VALUE(LASTV),VALUE(CALC2223!AD76)>VALUE(LASTV)) -> FALSE | S77: =OR(VALUE(CALC2223!AF76)>VALUE(LASTV),VALUE(CALC2223!AH76)>VALUE(LASTV),VALUE(CALC2223!AJ76)>VALUE(LASTV)) -> FALSE | T77: =OR(VALUE(CALC2223!AL76)>VALUE(LASTV),VALUE(CALC2223!AN76)>VALUE(LASTV),VALUE(CALC2223!AP76)>VALUE(LASTV)) -> FALSE | U77: =OR(VALUE(CALC2223!AR76)>VALUE(LASTV),VALUE(CALC2223!AT76)>VALUE(LASTV),VALUE(CALC2223!AV76)>VALUE(LASTV)) -> FALSE
B78: za | C78: 45976 | D78: =CONCATENATE(CALC2223!A77," ",CALC2223!C77," ",CALC2223!E77) | E78: =CONCATENATE(CALC2223!G77," ",CALC2223!I77," ",CALC2223!K77) | F78: =CONCATENATE(CALC2223!M77," ",CALC2223!O77," ",CALC2223!Q77) | G78: =CONCATENATE(CALC2223!S77," ",CALC2223!U77," ",CALC2223!W77) | H78: =CONCATENATE(CALC2223!Y77," ",CALC2223!AA77," ",CALC2223!AC77) | I78: =CONCATENATE(CALC2223!AE77," ",CALC2223!AG77," ",CALC2223!AI77) | J78: =CONCATENATE(CALC2223!AK77," ",CALC2223!AM77," ",CALC2223!AO77) | K78: =CONCATENATE(CALC2223!AQ77," ",CALC2223!AS77," ",CALC2223!AU77," ",CALC2223!AW77) | L78: =IF(C78<TODAY(),"verleden","actueel") -> verleden | N78: =OR(VALUE(CALC2223!B77)>VALUE(LASTV),VALUE(CALC2223!D77)>VALUE(LASTV),VALUE(CALC2223!F77)>VALUE(LASTV)) -> FALSE | O78: =OR(VALUE(CALC2223!H77)>VALUE(LASTV),VALUE(CALC2223!J77)>VALUE(LASTV),VALUE(CALC2223!L77)>VALUE(LASTV)) -> FALSE | P78: =OR(VALUE(CALC2223!N77)>VALUE(LASTV),VALUE(CALC2223!P77)>VALUE(LASTV),VALUE(CALC2223!R77)>VALUE(LASTV)) -> FALSE | Q78: =OR(VALUE(CALC2223!T77)>VALUE(LASTV),VALUE(CALC2223!V77)>VALUE(LASTV),VALUE(CALC2223!X77)>VALUE(LASTV)) -> FALSE | R78: =OR(VALUE(CALC2223!Z77)>VALUE(LASTV),VALUE(CALC2223!AB77)>VALUE(LASTV),VALUE(CALC2223!AD77)>VALUE(LASTV)) -> FALSE | S78: =OR(VALUE(CALC2223!AF77)>VALUE(LASTV),VALUE(CALC2223!AH77)>VALUE(LASTV),VALUE(CALC2223!AJ77)>VALUE(LASTV)) -> FALSE | T78: =OR(VALUE(CALC2223!AL77)>VALUE(LASTV),VALUE(CALC2223!AN77)>VALUE(LASTV),VALUE(CALC2223!AP77)>VALUE(LASTV)) -> FALSE | U78: =OR(VALUE(CALC2223!AR77)>VALUE(LASTV),VALUE(CALC2223!AT77)>VALUE(LASTV),VALUE(CALC2223!AV77)>VALUE(LASTV)) -> FALSE
B79: zo | C79: 45977 | D79: =CONCATENATE(CALC2223!A78," ",CALC2223!C78," ",CALC2223!E78) | E79: =CONCATENATE(CALC2223!G78," ",CALC2223!I78," ",CALC2223!K78) | F79: =CONCATENATE(CALC2223!M78," ",CALC2223!O78," ",CALC2223!Q78) | G79: =CONCATENATE(CALC2223!S78," ",CALC2223!U78," ",CALC2223!W78) | H79: =CONCATENATE(CALC2223!Y78," ",CALC2223!AA78," ",CALC2223!AC78) | I79: =CONCATENATE(CALC2223!AE78," ",CALC2223!AG78," ",CALC2223!AI78) | J79: =CONCATENATE(CALC2223!AK78," ",CALC2223!AM78," ",CALC2223!AO78) | K79: =CONCATENATE(CALC2223!AQ78," ",CALC2223!AS78," ",CALC2223!AU78," ",CALC2223!AW78) | L79: =IF(C79<TODAY(),"verleden","actueel") -> verleden | N79: =OR(VALUE(CALC2223!B78)>VALUE(LASTV),VALUE(CALC2223!D78)>VALUE(LASTV),VALUE(CALC2223!F78)>VALUE(LASTV)) -> FALSE | O79: =OR(VALUE(CALC2223!H78)>VALUE(LASTV),VALUE(CALC2223!J78)>VALUE(LASTV),VALUE(CALC2223!L78)>VALUE(LASTV)) -> FALSE | P79: =OR(VALUE(CALC2223!N78)>VALUE(LASTV),VALUE(CALC2223!P78)>VALUE(LASTV),VALUE(CALC2223!R78)>VALUE(LASTV)) -> FALSE | Q79: =OR(VALUE(CALC2223!T78)>VALUE(LASTV),VALUE(CALC2223!V78)>VALUE(LASTV),VALUE(CALC2223!X78)>VALUE(LASTV)) -> FALSE | R79: =OR(VALUE(CALC2223!Z78)>VALUE(LASTV),VALUE(CALC2223!AB78)>VALUE(LASTV),VALUE(CALC2223!AD78)>VALUE(LASTV)) -> FALSE | S79: =OR(VALUE(CALC2223!AF78)>VALUE(LASTV),VALUE(CALC2223!AH78)>VALUE(LASTV),VALUE(CALC2223!AJ78)>VALUE(LASTV)) -> FALSE | T79: =OR(VALUE(CALC2223!AL78)>VALUE(LASTV),VALUE(CALC2223!AN78)>VALUE(LASTV),VALUE(CALC2223!AP78)>VALUE(LASTV)) -> FALSE | U79: =OR(VALUE(CALC2223!AR78)>VALUE(LASTV),VALUE(CALC2223!AT78)>VALUE(LASTV),VALUE(CALC2223!AV78)>VALUE(LASTV)) -> FALSE
A80: 47 | B80: ma | C80: 45978 | D80: =CONCATENATE(CALC2223!A79," ",CALC2223!C79," ",CALC2223!E79) | E80: =CONCATENATE(CALC2223!G79," ",CALC2223!I79," ",CALC2223!K79) | F80: =CONCATENATE(CALC2223!M79," ",CALC2223!O79," ",CALC2223!Q79) | G80: =CONCATENATE(CALC2223!S79," ",CALC2223!U79," ",CALC2223!W79) -> inh rep NA | H80: =CONCATENATE(CALC2223!Y79," ",CALC2223!AA79," ",CALC2223!AC79) -> Maat naar Den Haag inh rep SK | I80: =CONCATENATE(CALC2223!AE79," ",CALC2223!AG79," ",CALC2223!AI79) | J80: =CONCATENATE(CALC2223!AK79," ",CALC2223!AM79," ",CALC2223!AO79) -> 30' rooster/leerlingbespreking lj 1/ | K80: =CONCATENATE(CALC2223!AQ79," ",CALC2223!AS79," ",CALC2223!AU79," ",CALC2223!AW79) | L80: =IF(C80<TODAY(),"verleden","actueel") -> verleden | N80: =OR(VALUE(CALC2223!B79)>VALUE(LASTV),VALUE(CALC2223!D79)>VALUE(LASTV),VALUE(CALC2223!F79)>VALUE(LASTV)) -> FALSE | O80: =OR(VALUE(CALC2223!H79)>VALUE(LASTV),VALUE(CALC2223!J79)>VALUE(LASTV),VALUE(CALC2223!L79)>VALUE(LASTV)) -> FALSE | P80: =OR(VALUE(CALC2223!N79)>VALUE(LASTV),VALUE(CALC2223!P79)>VALUE(LASTV),VALUE(CALC2223!R79)>VALUE(LASTV)) -> FALSE | Q80: =OR(VALUE(CALC2223!T79)>VALUE(LASTV),VALUE(CALC2223!V79)>VALUE(LASTV),VALUE(CALC2223!X79)>VALUE(LASTV)) -> FALSE | R80: =OR(VALUE(CALC2223!Z79)>VALUE(LASTV),VALUE(CALC2223!AB79)>VALUE(LASTV),VALUE(CALC2223!AD79)>VALUE(LASTV)) -> FALSE | S80: =OR(VALUE(CALC2223!AF79)>VALUE(LASTV),VALUE(CALC2223!AH79)>VALUE(LASTV),VALUE(CALC2223!AJ79)>VALUE(LASTV)) -> FALSE | T80: =OR(VALUE(CALC2223!AL79)>VALUE(LASTV),VALUE(CALC2223!AN79)>VALUE(LASTV),VALUE(CALC2223!AP79)>VALUE(LASTV)) -> FALSE | U80: =OR(VALUE(CALC2223!AR79)>VALUE(LASTV),VALUE(CALC2223!AT79)>VALUE(LASTV),VALUE(CALC2223!AV79)>VALUE(LASTV)) -> FALSE
B81: di | C81: 45979 | D81: =CONCATENATE(CALC2223!A80," ",CALC2223!C80," ",CALC2223!E80) | E81: =CONCATENATE(CALC2223!G80," ",CALC2223!I80," ",CALC2223!K80) | F81: =CONCATENATE(CALC2223!M80," ",CALC2223!O80," ",CALC2223!Q80) | G81: =CONCATENATE(CALC2223!S80," ",CALC2223!U80," ",CALC2223!W80) -> terug uit Rennes | H81: =CONCATENATE(CALC2223!Y80," ",CALC2223!AA80," ",CALC2223!AC80) | I81: =CONCATENATE(CALC2223!AE80," ",CALC2223!AG80," ",CALC2223!AI80) | J81: =CONCATENATE(CALC2223!AK80," ",CALC2223!AM80," ",CALC2223!AO80) -> 30' rooster/leerlingbespreking lj 2 | K81: =CONCATENATE(CALC2223!AQ80," ",CALC2223!AS80," ",CALC2223!AU80," ",CALC2223!AW80) | L81: =IF(C81<TODAY(),"verleden","actueel") -> verleden | N81: =OR(VALUE(CALC2223!B80)>VALUE(LASTV),VALUE(CALC2223!D80)>VALUE(LASTV),VALUE(CALC2223!F80)>VALUE(LASTV)) -> FALSE | O81: =OR(VALUE(CALC2223!H80)>VALUE(LASTV),VALUE(CALC2223!J80)>VALUE(LASTV),VALUE(CALC2223!L80)>VALUE(LASTV)) -> FALSE | P81: =OR(VALUE(CALC2223!N80)>VALUE(LASTV),VALUE(CALC2223!P80)>VALUE(LASTV),VALUE(CALC2223!R80)>VALUE(LASTV)) -> FALSE | Q81: =OR(VALUE(CALC2223!T80)>VALUE(LASTV),VALUE(CALC2223!V80)>VALUE(LASTV),VALUE(CALC2223!X80)>VALUE(LASTV)) -> FALSE | R81: =OR(VALUE(CALC2223!Z80)>VALUE(LASTV),VALUE(CALC2223!AB80)>VALUE(LASTV),VALUE(CALC2223!AD80)>VALUE(LASTV)) -> FALSE | S81: =OR(VALUE(CALC2223!AF80)>VALUE(LASTV),VALUE(CALC2223!AH80)>VALUE(LASTV),VALUE(CALC2223!AJ80)>VALUE(LASTV)) -> FALSE | T81: =OR(VALUE(CALC2223!AL80)>VALUE(LASTV),VALUE(CALC2223!AN80)>VALUE(LASTV),VALUE(CALC2223!AP80)>VALUE(LASTV)) -> FALSE | U81: =OR(VALUE(CALC2223!AR80)>VALUE(LASTV),VALUE(CALC2223!AT80)>VALUE(LASTV),VALUE(CALC2223!AV80)>VALUE(LASTV)) -> FALSE
B82: wo | C82: 45980 | D82: =CONCATENATE(CALC2223!A81," ",CALC2223!C81," ",CALC2223!E81) | E82: =CONCATENATE(CALC2223!G81," ",CALC2223!I81," ",CALC2223!K81) | F82: =CONCATENATE(CALC2223!M81," ",CALC2223!O81," ",CALC2223!Q81) | G82: =CONCATENATE(CALC2223!S81," ",CALC2223!U81," ",CALC2223!W81) | H82: =CONCATENATE(CALC2223!Y81," ",CALC2223!AA81," ",CALC2223!AC81) -> Rep NA/PWS presentaties | I82: =CONCATENATE(CALC2223!AE81," ",CALC2223!AG81," ",CALC2223!AI81) -> PWS presentaties | J82: =CONCATENATE(CALC2223!AK81," ",CALC2223!AM81," ",CALC2223!AO81) -> 30' rooster/leerlingbespreking lj 3 | K82: =CONCATENATE(CALC2223!AQ81," ",CALC2223!AS81," ",CALC2223!AU81," ",CALC2223!AW81) | L82: =IF(C82<TODAY(),"verleden","actueel") -> verleden | N82: =OR(VALUE(CALC2223!B81)>VALUE(LASTV),VALUE(CALC2223!D81)>VALUE(LASTV),VALUE(CALC2223!F81)>VALUE(LASTV)) -> FALSE | O82: =OR(VALUE(CALC2223!H81)>VALUE(LASTV),VALUE(CALC2223!J81)>VALUE(LASTV),VALUE(CALC2223!L81)>VALUE(LASTV)) -> FALSE | P82: =OR(VALUE(CALC2223!N81)>VALUE(LASTV),VALUE(CALC2223!P81)>VALUE(LASTV),VALUE(CALC2223!R81)>VALUE(LASTV)) -> FALSE | Q82: =OR(VALUE(CALC2223!T81)>VALUE(LASTV),VALUE(CALC2223!V81)>VALUE(LASTV),VALUE(CALC2223!X81)>VALUE(LASTV)) -> FALSE | R82: =OR(VALUE(CALC2223!Z81)>VALUE(LASTV),VALUE(CALC2223!AB81)>VALUE(LASTV),VALUE(CALC2223!AD81)>VALUE(LASTV)) -> FALSE | S82: =OR(VALUE(CALC2223!AF81)>VALUE(LASTV),VALUE(CALC2223!AH81)>VALUE(LASTV),VALUE(CALC2223!AJ81)>VALUE(LASTV)) -> FALSE | T82: =OR(VALUE(CALC2223!AL81)>VALUE(LASTV),VALUE(CALC2223!AN81)>VALUE(LASTV),VALUE(CALC2223!AP81)>VALUE(LASTV)) -> FALSE | U82: =OR(VALUE(CALC2223!AR81)>VALUE(LASTV),VALUE(CALC2223!AT81)>VALUE(LASTV),VALUE(CALC2223!AV81)>VALUE(LASTV)) -> FALSE
B83: do | C83: 45981 | D83: =CONCATENATE(CALC2223!A82," ",CALC2223!C82," ",CALC2223!E82) | E83: =CONCATENATE(CALC2223!G82," ",CALC2223!I82," ",CALC2223!K82) | F83: =CONCATENATE(CALC2223!M82," ",CALC2223!O82," ",CALC2223!Q82) -> Rep FA | G83: =CONCATENATE(CALC2223!S82," ",CALC2223!U82," ",CALC2223!W82) -> inh rep SK | H83: =CONCATENATE(CALC2223!Y82," ",CALC2223!AA82," ",CALC2223!AC82) -> inh rep BI | I83: =CONCATENATE(CALC2223!AE82," ",CALC2223!AG82," ",CALC2223!AI82) | J83: =CONCATENATE(CALC2223!AK82," ",CALC2223!AM82," ",CALC2223!AO82) -> 30" rooster; secties#3 | K83: =CONCATENATE(CALC2223!AQ82," ",CALC2223!AS82," ",CALC2223!AU82," ",CALC2223!AW82) | L83: =IF(C83<TODAY(),"verleden","actueel") -> verleden | N83: =OR(VALUE(CALC2223!B82)>VALUE(LASTV),VALUE(CALC2223!D82)>VALUE(LASTV),VALUE(CALC2223!F82)>VALUE(LASTV)) -> FALSE | O83: =OR(VALUE(CALC2223!H82)>VALUE(LASTV),VALUE(CALC2223!J82)>VALUE(LASTV),VALUE(CALC2223!L82)>VALUE(LASTV)) -> FALSE | P83: =OR(VALUE(CALC2223!N82)>VALUE(LASTV),VALUE(CALC2223!P82)>VALUE(LASTV),VALUE(CALC2223!R82)>VALUE(LASTV)) -> FALSE | Q83: =OR(VALUE(CALC2223!T82)>VALUE(LASTV),VALUE(CALC2223!V82)>VALUE(LASTV),VALUE(CALC2223!X82)>VALUE(LASTV)) -> FALSE | R83: =OR(VALUE(CALC2223!Z82)>VALUE(LASTV),VALUE(CALC2223!AB82)>VALUE(LASTV),VALUE(CALC2223!AD82)>VALUE(LASTV)) -> FALSE | S83: =OR(VALUE(CALC2223!AF82)>VALUE(LASTV),VALUE(CALC2223!AH82)>VALUE(LASTV),VALUE(CALC2223!AJ82)>VALUE(LASTV)) -> FALSE | T83: =OR(VALUE(CALC2223!AL82)>VALUE(LASTV),VALUE(CALC2223!AN82)>VALUE(LASTV),VALUE(CALC2223!AP82)>VALUE(LASTV)) -> FALSE | U83: =OR(VALUE(CALC2223!AR82)>VALUE(LASTV),VALUE(CALC2223!AT82)>VALUE(LASTV),VALUE(CALC2223!AV82)>VALUE(LASTV)) -> FALSE
B84: vr | C84: 45982 | D84: =CONCATENATE(CALC2223!A83," ",CALC2223!C83," ",CALC2223!E83) | E84: =CONCATENATE(CALC2223!G83," ",CALC2223!I83," ",CALC2223!K83) -> Rep DU | F84: =CONCATENATE(CALC2223!M83," ",CALC2223!O83," ",CALC2223!Q83) | G84: =CONCATENATE(CALC2223!S83," ",CALC2223!U83," ",CALC2223!W83) -> Rep BI | H84: =CONCATENATE(CALC2223!Y83," ",CALC2223!AA83," ",CALC2223!AC83) | I84: =CONCATENATE(CALC2223!AE83," ",CALC2223!AG83," ",CALC2223!AI83) -> PWS inleveren | J84: =CONCATENATE(CALC2223!AK83," ",CALC2223!AM83," ",CALC2223!AO83) -> 30' rooster/leerlingbespreking lj 4 | K84: =CONCATENATE(CALC2223!AQ83," ",CALC2223!AS83," ",CALC2223!AU83," ",CALC2223!AW83) | L84: =IF(C84<TODAY(),"verleden","actueel") -> verleden | N84: =OR(VALUE(CALC2223!B83)>VALUE(LASTV),VALUE(CALC2223!D83)>VALUE(LASTV),VALUE(CALC2223!F83)>VALUE(LASTV)) -> FALSE | O84: =OR(VALUE(CALC2223!H83)>VALUE(LASTV),VALUE(CALC2223!J83)>VALUE(LASTV),VALUE(CALC2223!L83)>VALUE(LASTV)) -> FALSE | P84: =OR(VALUE(CALC2223!N83)>VALUE(LASTV),VALUE(CALC2223!P83)>VALUE(LASTV),VALUE(CALC2223!R83)>VALUE(LASTV)) -> FALSE | Q84: =OR(VALUE(CALC2223!T83)>VALUE(LASTV),VALUE(CALC2223!V83)>VALUE(LASTV),VALUE(CALC2223!X83)>VALUE(LASTV)) -> FALSE | R84: =OR(VALUE(CALC2223!Z83)>VALUE(LASTV),VALUE(CALC2223!AB83)>VALUE(LASTV),VALUE(CALC2223!AD83)>VALUE(LASTV)) -> FALSE | S84: =OR(VALUE(CALC2223!AF83)>VALUE(LASTV),VALUE(CALC2223!AH83)>VALUE(LASTV),VALUE(CALC2223!AJ83)>VALUE(LASTV)) -> FALSE | T84: =OR(VALUE(CALC2223!AL83)>VALUE(LASTV),VALUE(CALC2223!AN83)>VALUE(LASTV),VALUE(CALC2223!AP83)>VALUE(LASTV)) -> FALSE | U84: =OR(VALUE(CALC2223!AR83)>VALUE(LASTV),VALUE(CALC2223!AT83)>VALUE(LASTV),VALUE(CALC2223!AV83)>VALUE(LASTV)) -> FALSE
B85: za | C85: 45983 | D85: =CONCATENATE(CALC2223!A84," ",CALC2223!C84," ",CALC2223!E84) | E85: =CONCATENATE(CALC2223!G84," ",CALC2223!I84," ",CALC2223!K84) | F85: =CONCATENATE(CALC2223!M84," ",CALC2223!O84," ",CALC2223!Q84) | G85: =CONCATENATE(CALC2223!S84," ",CALC2223!U84," ",CALC2223!W84) | H85: =CONCATENATE(CALC2223!Y84," ",CALC2223!AA84," ",CALC2223!AC84) | I85: =CONCATENATE(CALC2223!AE84," ",CALC2223!AG84," ",CALC2223!AI84) | J85: =CONCATENATE(CALC2223!AK84," ",CALC2223!AM84," ",CALC2223!AO84) | K85: =CONCATENATE(CALC2223!AQ84," ",CALC2223!AS84," ",CALC2223!AU84," ",CALC2223!AW84) | L85: =IF(C85<TODAY(),"verleden","actueel") -> verleden | N85: =OR(VALUE(CALC2223!B84)>VALUE(LASTV),VALUE(CALC2223!D84)>VALUE(LASTV),VALUE(CALC2223!F84)>VALUE(LASTV)) -> FALSE | O85: =OR(VALUE(CALC2223!H84)>VALUE(LASTV),VALUE(CALC2223!J84)>VALUE(LASTV),VALUE(CALC2223!L84)>VALUE(LASTV)) -> FALSE | P85: =OR(VALUE(CALC2223!N84)>VALUE(LASTV),VALUE(CALC2223!P84)>VALUE(LASTV),VALUE(CALC2223!R84)>VALUE(LASTV)) -> FALSE | Q85: =OR(VALUE(CALC2223!T84)>VALUE(LASTV),VALUE(CALC2223!V84)>VALUE(LASTV),VALUE(CALC2223!X84)>VALUE(LASTV)) -> FALSE | R85: =OR(VALUE(CALC2223!Z84)>VALUE(LASTV),VALUE(CALC2223!AB84)>VALUE(LASTV),VALUE(CALC2223!AD84)>VALUE(LASTV)) -> FALSE | S85: =OR(VALUE(CALC2223!AF84)>VALUE(LASTV),VALUE(CALC2223!AH84)>VALUE(LASTV),VALUE(CALC2223!AJ84)>VALUE(LASTV)) -> FALSE | T85: =OR(VALUE(CALC2223!AL84)>VALUE(LASTV),VALUE(CALC2223!AN84)>VALUE(LASTV),VALUE(CALC2223!AP84)>VALUE(LASTV)) -> FALSE | U85: =OR(VALUE(CALC2223!AR84)>VALUE(LASTV),VALUE(CALC2223!AT84)>VALUE(LASTV),VALUE(CALC2223!AV84)>VALUE(LASTV)) -> FALSE
B86: zo | C86: 45984 | D86: =CONCATENATE(CALC2223!A85," ",CALC2223!C85," ",CALC2223!E85) | E86: =CONCATENATE(CALC2223!G85," ",CALC2223!I85," ",CALC2223!K85) | F86: =CONCATENATE(CALC2223!M85," ",CALC2223!O85," ",CALC2223!Q85) | G86: =CONCATENATE(CALC2223!S85," ",CALC2223!U85," ",CALC2223!W85) | H86: =CONCATENATE(CALC2223!Y85," ",CALC2223!AA85," ",CALC2223!AC85) | I86: =CONCATENATE(CALC2223!AE85," ",CALC2223!AG85," ",CALC2223!AI85) | J86: =CONCATENATE(CALC2223!AK85," ",CALC2223!AM85," ",CALC2223!AO85) | K86: =CONCATENATE(CALC2223!AQ85," ",CALC2223!AS85," ",CALC2223!AU85," ",CALC2223!AW85) | L86: =IF(C86<TODAY(),"verleden","actueel") -> verleden | N86: =OR(VALUE(CALC2223!B85)>VALUE(LASTV),VALUE(CALC2223!D85)>VALUE(LASTV),VALUE(CALC2223!F85)>VALUE(LASTV)) -> FALSE | O86: =OR(VALUE(CALC2223!H85)>VALUE(LASTV),VALUE(CALC2223!J85)>VALUE(LASTV),VALUE(CALC2223!L85)>VALUE(LASTV)) -> FALSE | P86: =OR(VALUE(CALC2223!N85)>VALUE(LASTV),VALUE(CALC2223!P85)>VALUE(LASTV),VALUE(CALC2223!R85)>VALUE(LASTV)) -> FALSE | Q86: =OR(VALUE(CALC2223!T85)>VALUE(LASTV),VALUE(CALC2223!V85)>VALUE(LASTV),VALUE(CALC2223!X85)>VALUE(LASTV)) -> FALSE | R86: =OR(VALUE(CALC2223!Z85)>VALUE(LASTV),VALUE(CALC2223!AB85)>VALUE(LASTV),VALUE(CALC2223!AD85)>VALUE(LASTV)) -> FALSE | S86: =OR(VALUE(CALC2223!AF85)>VALUE(LASTV),VALUE(CALC2223!AH85)>VALUE(LASTV),VALUE(CALC2223!AJ85)>VALUE(LASTV)) -> FALSE | T86: =OR(VALUE(CALC2223!AL85)>VALUE(LASTV),VALUE(CALC2223!AN85)>VALUE(LASTV),VALUE(CALC2223!AP85)>VALUE(LASTV)) -> FALSE | U86: =OR(VALUE(CALC2223!AR85)>VALUE(LASTV),VALUE(CALC2223!AT85)>VALUE(LASTV),VALUE(CALC2223!AV85)>VALUE(LASTV)) -> FALSE
A87: 48 | B87: ma | C87: 45985 | D87: =CONCATENATE(CALC2223!A86," ",CALC2223!C86," ",CALC2223!E86) | E87: =CONCATENATE(CALC2223!G86," ",CALC2223!I86," ",CALC2223!K86) | F87: =CONCATENATE(CALC2223!M86," ",CALC2223!O86," ",CALC2223!Q86) -> week van de vakkenvoorlichting / Ouderavond Profielkeuze | G87: =CONCATENATE(CALC2223!S86," ",CALC2223!U86," ",CALC2223!W86) -> inh rep LA | H87: =CONCATENATE(CALC2223!Y86," ",CALC2223!AA86," ",CALC2223!AC86) -> SE AC inh rep EN | I87: =CONCATENATE(CALC2223!AE86," ",CALC2223!AG86," ",CALC2223!AI86) -> KuDr CKF | J87: =CONCATENATE(CALC2223!AK86," ",CALC2223!AM86," ",CALC2223!AO86) | K87: =CONCATENATE(CALC2223!AQ86," ",CALC2223!AS86," ",CALC2223!AU86," ",CALC2223!AW86) -> ouderavond informatie profielkeuze | L87: =IF(C87<TODAY(),"verleden","actueel") -> verleden | N87: =OR(VALUE(CALC2223!B86)>VALUE(LASTV),VALUE(CALC2223!D86)>VALUE(LASTV),VALUE(CALC2223!F86)>VALUE(LASTV)) -> FALSE | O87: =OR(VALUE(CALC2223!H86)>VALUE(LASTV),VALUE(CALC2223!J86)>VALUE(LASTV),VALUE(CALC2223!L86)>VALUE(LASTV)) -> FALSE | P87: =OR(VALUE(CALC2223!N86)>VALUE(LASTV),VALUE(CALC2223!P86)>VALUE(LASTV),VALUE(CALC2223!R86)>VALUE(LASTV)) -> FALSE | Q87: =OR(VALUE(CALC2223!T86)>VALUE(LASTV),VALUE(CALC2223!V86)>VALUE(LASTV),VALUE(CALC2223!X86)>VALUE(LASTV)) -> FALSE | R87: =OR(VALUE(CALC2223!Z86)>VALUE(LASTV),VALUE(CALC2223!AB86)>VALUE(LASTV),VALUE(CALC2223!AD86)>VALUE(LASTV)) -> FALSE | S87: =OR(VALUE(CALC2223!AF86)>VALUE(LASTV),VALUE(CALC2223!AH86)>VALUE(LASTV),VALUE(CALC2223!AJ86)>VALUE(LASTV)) -> FALSE | T87: =OR(VALUE(CALC2223!AL86)>VALUE(LASTV),VALUE(CALC2223!AN86)>VALUE(LASTV),VALUE(CALC2223!AP86)>VALUE(LASTV)) -> FALSE | U87: =OR(VALUE(CALC2223!AR86)>VALUE(LASTV),VALUE(CALC2223!AT86)>VALUE(LASTV),VALUE(CALC2223!AV86)>VALUE(LASTV)) -> FALSE
B88: di | C88: 45986 | D88: =CONCATENATE(CALC2223!A87," ",CALC2223!C87," ",CALC2223!E87) | E88: =CONCATENATE(CALC2223!G87," ",CALC2223!I87," ",CALC2223!K87) | F88: =CONCATENATE(CALC2223!M87," ",CALC2223!O87," ",CALC2223!Q87) -> week van de vakkenvoorlichting | G88: =CONCATENATE(CALC2223!S87," ",CALC2223!U87," ",CALC2223!W87) -> Rep GR | H88: =CONCATENATE(CALC2223!Y87," ",CALC2223!AA87," ",CALC2223!AC87) | I88: =CONCATENATE(CALC2223!AE87," ",CALC2223!AG87," ",CALC2223!AI87) -> KuBv groen licht | J88: =CONCATENATE(CALC2223!AK87," ",CALC2223!AM87," ",CALC2223!AO87) | K88: =CONCATENATE(CALC2223!AQ87," ",CALC2223!AS87," ",CALC2223!AU87," ",CALC2223!AW87) | L88: =IF(C88<TODAY(),"verleden","actueel") -> verleden | N88: =OR(VALUE(CALC2223!B87)>VALUE(LASTV),VALUE(CALC2223!D87)>VALUE(LASTV),VALUE(CALC2223!F87)>VALUE(LASTV)) -> FALSE | O88: =OR(VALUE(CALC2223!H87)>VALUE(LASTV),VALUE(CALC2223!J87)>VALUE(LASTV),VALUE(CALC2223!L87)>VALUE(LASTV)) -> FALSE | P88: =OR(VALUE(CALC2223!N87)>VALUE(LASTV),VALUE(CALC2223!P87)>VALUE(LASTV),VALUE(CALC2223!R87)>VALUE(LASTV)) -> FALSE | Q88: =OR(VALUE(CALC2223!T87)>VALUE(LASTV),VALUE(CALC2223!V87)>VALUE(LASTV),VALUE(CALC2223!X87)>VALUE(LASTV)) -> FALSE | R88: =OR(VALUE(CALC2223!Z87)>VALUE(LASTV),VALUE(CALC2223!AB87)>VALUE(LASTV),VALUE(CALC2223!AD87)>VALUE(LASTV)) -> FALSE | S88: =OR(VALUE(CALC2223!AF87)>VALUE(LASTV),VALUE(CALC2223!AH87)>VALUE(LASTV),VALUE(CALC2223!AJ87)>VALUE(LASTV)) -> FALSE | T88: =OR(VALUE(CALC2223!AL87)>VALUE(LASTV),VALUE(CALC2223!AN87)>VALUE(LASTV),VALUE(CALC2223!AP87)>VALUE(LASTV)) -> FALSE | U88: =OR(VALUE(CALC2223!AR87)>VALUE(LASTV),VALUE(CALC2223!AT87)>VALUE(LASTV),VALUE(CALC2223!AV87)>VALUE(LASTV)) -> FALSE
B89: wo | C89: 45987 | D89: =CONCATENATE(CALC2223!A88," ",CALC2223!C88," ",CALC2223!E88) -> Rep WIS | E89: =CONCATENATE(CALC2223!G88," ",CALC2223!I88," ",CALC2223!K88) | F89: =CONCATENATE(CALC2223!M88," ",CALC2223!O88," ",CALC2223!Q88) -> week van de vakkenvoorlichting | G89: =CONCATENATE(CALC2223!S88," ",CALC2223!U88," ",CALC2223!W88) | H89: =CONCATENATE(CALC2223!Y88," ",CALC2223!AA88," ",CALC2223!AC88) -> SE MAAT | I89: =CONCATENATE(CALC2223!AE88," ",CALC2223!AG88," ",CALC2223!AI88) | J89: =CONCATENATE(CALC2223!AK88," ",CALC2223!AM88," ",CALC2223!AO88) | K89: =CONCATENATE(CALC2223!AQ88," ",CALC2223!AS88," ",CALC2223!AU88," ",CALC2223!AW88) -> Studium Gymasiale | L89: =IF(C89<TODAY(),"verleden","actueel") -> verleden | N89: =OR(VALUE(CALC2223!B88)>VALUE(LASTV),VALUE(CALC2223!D88)>VALUE(LASTV),VALUE(CALC2223!F88)>VALUE(LASTV)) -> FALSE | O89: =OR(VALUE(CALC2223!H88)>VALUE(LASTV),VALUE(CALC2223!J88)>VALUE(LASTV),VALUE(CALC2223!L88)>VALUE(LASTV)) -> FALSE | P89: =OR(VALUE(CALC2223!N88)>VALUE(LASTV),VALUE(CALC2223!P88)>VALUE(LASTV),VALUE(CALC2223!R88)>VALUE(LASTV)) -> FALSE | Q89: =OR(VALUE(CALC2223!T88)>VALUE(LASTV),VALUE(CALC2223!V88)>VALUE(LASTV),VALUE(CALC2223!X88)>VALUE(LASTV)) -> FALSE | R89: =OR(VALUE(CALC2223!Z88)>VALUE(LASTV),VALUE(CALC2223!AB88)>VALUE(LASTV),VALUE(CALC2223!AD88)>VALUE(LASTV)) -> FALSE | S89: =OR(VALUE(CALC2223!AF88)>VALUE(LASTV),VALUE(CALC2223!AH88)>VALUE(LASTV),VALUE(CALC2223!AJ88)>VALUE(LASTV)) -> FALSE | T89: =OR(VALUE(CALC2223!AL88)>VALUE(LASTV),VALUE(CALC2223!AN88)>VALUE(LASTV),VALUE(CALC2223!AP88)>VALUE(LASTV)) -> FALSE | U89: =OR(VALUE(CALC2223!AR88)>VALUE(LASTV),VALUE(CALC2223!AT88)>VALUE(LASTV),VALUE(CALC2223!AV88)>VALUE(LASTV)) -> FALSE
B90: do | C90: 45988 | D90: =CONCATENATE(CALC2223!A89," ",CALC2223!C89," ",CALC2223!E89) | E90: =CONCATENATE(CALC2223!G89," ",CALC2223!I89," ",CALC2223!K89) | F90: =CONCATENATE(CALC2223!M89," ",CALC2223!O89," ",CALC2223!Q89) -> week van de vakkenvoorlichting / REP GR | G90: =CONCATENATE(CALC2223!S89," ",CALC2223!U89," ",CALC2223!W89) -> inh rep AK | H90: =CONCATENATE(CALC2223!Y89," ",CALC2223!AA89," ",CALC2223!AC89) -> inh rep EC | I90: =CONCATENATE(CALC2223!AE89," ",CALC2223!AG89," ",CALC2223!AI89) -> LO2:3 | J90: =CONCATENATE(CALC2223!AK89," ",CALC2223!AM89," ",CALC2223!AO89) -> commissies#3/MR#2 | K90: =CONCATENATE(CALC2223!AQ89," ",CALC2223!AS89," ",CALC2223!AU89," ",CALC2223!AW89) | L90: =IF(C90<TODAY(),"verleden","actueel") -> verleden | N90: =OR(VALUE(CALC2223!B89)>VALUE(LASTV),VALUE(CALC2223!D89)>VALUE(LASTV),VALUE(CALC2223!F89)>VALUE(LASTV)) -> FALSE | O90: =OR(VALUE(CALC2223!H89)>VALUE(LASTV),VALUE(CALC2223!J89)>VALUE(LASTV),VALUE(CALC2223!L89)>VALUE(LASTV)) -> FALSE | P90: =OR(VALUE(CALC2223!N89)>VALUE(LASTV),VALUE(CALC2223!P89)>VALUE(LASTV),VALUE(CALC2223!R89)>VALUE(LASTV)) -> FALSE | Q90: =OR(VALUE(CALC2223!T89)>VALUE(LASTV),VALUE(CALC2223!V89)>VALUE(LASTV),VALUE(CALC2223!X89)>VALUE(LASTV)) -> FALSE | R90: =OR(VALUE(CALC2223!Z89)>VALUE(LASTV),VALUE(CALC2223!AB89)>VALUE(LASTV),VALUE(CALC2223!AD89)>VALUE(LASTV)) -> FALSE | S90: =OR(VALUE(CALC2223!AF89)>VALUE(LASTV),VALUE(CALC2223!AH89)>VALUE(LASTV),VALUE(CALC2223!AJ89)>VALUE(LASTV)) -> FALSE | T90: =OR(VALUE(CALC2223!AL89)>VALUE(LASTV),VALUE(CALC2223!AN89)>VALUE(LASTV),VALUE(CALC2223!AP89)>VALUE(LASTV)) -> FALSE | U90: =OR(VALUE(CALC2223!AR89)>VALUE(LASTV),VALUE(CALC2223!AT89)>VALUE(LASTV),VALUE(CALC2223!AV89)>VALUE(LASTV)) -> FALSE
B91: vr | C91: 45989 | D91: =CONCATENATE(CALC2223!A90," ",CALC2223!C90," ",CALC2223!E90) -> Sinterklaasfeest | E91: =CONCATENATE(CALC2223!G90," ",CALC2223!I90," ",CALC2223!K90) -> Rep FA | F91: =CONCATENATE(CALC2223!M90," ",CALC2223!O90," ",CALC2223!Q90) -> week van de vakkenvoorlichting | G91: =CONCATENATE(CALC2223!S90," ",CALC2223!U90," ",CALC2223!W90) -> Rep WIABC Bezoek studiebeurs Jaarbeurs | H91: =CONCATENATE(CALC2223!Y90," ",CALC2223!AA90," ",CALC2223!AC90) | I91: =CONCATENATE(CALC2223!AE90," ",CALC2223!AG90," ",CALC2223!AI90) | J91: =CONCATENATE(CALC2223!AK90," ",CALC2223!AM90," ",CALC2223!AO90) | K91: =CONCATENATE(CALC2223!AQ90," ",CALC2223!AS90," ",CALC2223!AU90," ",CALC2223!AW90) | L91: =IF(C91<TODAY(),"verleden","actueel") -> verleden | N91: =OR(VALUE(CALC2223!B90)>VALUE(LASTV),VALUE(CALC2223!D90)>VALUE(LASTV),VALUE(CALC2223!F90)>VALUE(LASTV)) -> FALSE | O91: =OR(VALUE(CALC2223!H90)>VALUE(LASTV),VALUE(CALC2223!J90)>VALUE(LASTV),VALUE(CALC2223!L90)>VALUE(LASTV)) -> FALSE | P91: =OR(VALUE(CALC2223!N90)>VALUE(LASTV),VALUE(CALC2223!P90)>VALUE(LASTV),VALUE(CALC2223!R90)>VALUE(LASTV)) -> FALSE | Q91: =OR(VALUE(CALC2223!T90)>VALUE(LASTV),VALUE(CALC2223!V90)>VALUE(LASTV),VALUE(CALC2223!X90)>VALUE(LASTV)) -> FALSE | R91: =OR(VALUE(CALC2223!Z90)>VALUE(LASTV),VALUE(CALC2223!AB90)>VALUE(LASTV),VALUE(CALC2223!AD90)>VALUE(LASTV)) -> FALSE | S91: =OR(VALUE(CALC2223!AF90)>VALUE(LASTV),VALUE(CALC2223!AH90)>VALUE(LASTV),VALUE(CALC2223!AJ90)>VALUE(LASTV)) -> FALSE | T91: =OR(VALUE(CALC2223!AL90)>VALUE(LASTV),VALUE(CALC2223!AN90)>VALUE(LASTV),VALUE(CALC2223!AP90)>VALUE(LASTV)) -> FALSE | U91: =OR(VALUE(CALC2223!AR90)>VALUE(LASTV),VALUE(CALC2223!AT90)>VALUE(LASTV),VALUE(CALC2223!AV90)>VALUE(LASTV)) -> FALSE
B92: za | C92: 45990 | D92: =CONCATENATE(CALC2223!A91," ",CALC2223!C91," ",CALC2223!E91) | E92: =CONCATENATE(CALC2223!G91," ",CALC2223!I91," ",CALC2223!K91) | F92: =CONCATENATE(CALC2223!M91," ",CALC2223!O91," ",CALC2223!Q91) | G92: =CONCATENATE(CALC2223!S91," ",CALC2223!U91," ",CALC2223!W91) | H92: =CONCATENATE(CALC2223!Y91," ",CALC2223!AA91," ",CALC2223!AC91) | I92: =CONCATENATE(CALC2223!AE91," ",CALC2223!AG91," ",CALC2223!AI91) | J92: =CONCATENATE(CALC2223!AK91," ",CALC2223!AM91," ",CALC2223!AO91) | K92: =CONCATENATE(CALC2223!AQ91," ",CALC2223!AS91," ",CALC2223!AU91," ",CALC2223!AW91) | L92: =IF(C92<TODAY(),"verleden","actueel") -> verleden | N92: =OR(VALUE(CALC2223!B91)>VALUE(LASTV),VALUE(CALC2223!D91)>VALUE(LASTV),VALUE(CALC2223!F91)>VALUE(LASTV)) -> FALSE | O92: =OR(VALUE(CALC2223!H91)>VALUE(LASTV),VALUE(CALC2223!J91)>VALUE(LASTV),VALUE(CALC2223!L91)>VALUE(LASTV)) -> FALSE | P92: =OR(VALUE(CALC2223!N91)>VALUE(LASTV),VALUE(CALC2223!P91)>VALUE(LASTV),VALUE(CALC2223!R91)>VALUE(LASTV)) -> FALSE | Q92: =OR(VALUE(CALC2223!T91)>VALUE(LASTV),VALUE(CALC2223!V91)>VALUE(LASTV),VALUE(CALC2223!X91)>VALUE(LASTV)) -> FALSE | R92: =OR(VALUE(CALC2223!Z91)>VALUE(LASTV),VALUE(CALC2223!AB91)>VALUE(LASTV),VALUE(CALC2223!AD91)>VALUE(LASTV)) -> FALSE | S92: =OR(VALUE(CALC2223!AF91)>VALUE(LASTV),VALUE(CALC2223!AH91)>VALUE(LASTV),VALUE(CALC2223!AJ91)>VALUE(LASTV)) -> FALSE | T92: =OR(VALUE(CALC2223!AL91)>VALUE(LASTV),VALUE(CALC2223!AN91)>VALUE(LASTV),VALUE(CALC2223!AP91)>VALUE(LASTV)) -> FALSE | U92: =OR(VALUE(CALC2223!AR91)>VALUE(LASTV),VALUE(CALC2223!AT91)>VALUE(LASTV),VALUE(CALC2223!AV91)>VALUE(LASTV)) -> FALSE
B93: zo | C93: 45991 | D93: =CONCATENATE(CALC2223!A92," ",CALC2223!C92," ",CALC2223!E92) | E93: =CONCATENATE(CALC2223!G92," ",CALC2223!I92," ",CALC2223!K92) | F93: =CONCATENATE(CALC2223!M92," ",CALC2223!O92," ",CALC2223!Q92) | G93: =CONCATENATE(CALC2223!S92," ",CALC2223!U92," ",CALC2223!W92) | H93: =CONCATENATE(CALC2223!Y92," ",CALC2223!AA92," ",CALC2223!AC92) | I93: =CONCATENATE(CALC2223!AE92," ",CALC2223!AG92," ",CALC2223!AI92) | J93: =CONCATENATE(CALC2223!AK92," ",CALC2223!AM92," ",CALC2223!AO92) | K93: =CONCATENATE(CALC2223!AQ92," ",CALC2223!AS92," ",CALC2223!AU92," ",CALC2223!AW92) | L93: =IF(C93<TODAY(),"verleden","actueel") -> verleden | N93: =OR(VALUE(CALC2223!B92)>VALUE(LASTV),VALUE(CALC2223!D92)>VALUE(LASTV),VALUE(CALC2223!F92)>VALUE(LASTV)) -> FALSE | O93: =OR(VALUE(CALC2223!H92)>VALUE(LASTV),VALUE(CALC2223!J92)>VALUE(LASTV),VALUE(CALC2223!L92)>VALUE(LASTV)) -> FALSE | P93: =OR(VALUE(CALC2223!N92)>VALUE(LASTV),VALUE(CALC2223!P92)>VALUE(LASTV),VALUE(CALC2223!R92)>VALUE(LASTV)) -> FALSE | Q93: =OR(VALUE(CALC2223!T92)>VALUE(LASTV),VALUE(CALC2223!V92)>VALUE(LASTV),VALUE(CALC2223!X92)>VALUE(LASTV)) -> FALSE | R93: =OR(VALUE(CALC2223!Z92)>VALUE(LASTV),VALUE(CALC2223!AB92)>VALUE(LASTV),VALUE(CALC2223!AD92)>VALUE(LASTV)) -> FALSE | S93: =OR(VALUE(CALC2223!AF92)>VALUE(LASTV),VALUE(CALC2223!AH92)>VALUE(LASTV),VALUE(CALC2223!AJ92)>VALUE(LASTV)) -> FALSE | T93: =OR(VALUE(CALC2223!AL92)>VALUE(LASTV),VALUE(CALC2223!AN92)>VALUE(LASTV),VALUE(CALC2223!AP92)>VALUE(LASTV)) -> FALSE | U93: =OR(VALUE(CALC2223!AR92)>VALUE(LASTV),VALUE(CALC2223!AT92)>VALUE(LASTV),VALUE(CALC2223!AV92)>VALUE(LASTV)) -> FALSE
A94: 49 | B94: ma | C94: 45992 | D94: =CONCATENATE(CALC2223!A93," ",CALC2223!C93," ",CALC2223!E93) | E94: =CONCATENATE(CALC2223!G93," ",CALC2223!I93," ",CALC2223!K93) | F94: =CONCATENATE(CALC2223!M93," ",CALC2223!O93," ",CALC2223!Q93) | G94: =CONCATENATE(CALC2223!S93," ",CALC2223!U93," ",CALC2223!W93) | H94: =CONCATENATE(CALC2223!Y93," ",CALC2223!AA93," ",CALC2223!AC93) -> inh SE AC rep FA | I94: =CONCATENATE(CALC2223!AE93," ",CALC2223!AG93," ",CALC2223!AI93) | J94: =CONCATENATE(CALC2223!AK93," ",CALC2223!AM93," ",CALC2223!AO93) | K94: =CONCATENATE(CALC2223!AQ93," ",CALC2223!AS93," ",CALC2223!AU93," ",CALC2223!AW93) -> start cijferperiode 2 | L94: =IF(C94<TODAY(),"verleden","actueel") -> verleden | N94: =OR(VALUE(CALC2223!B93)>VALUE(LASTV),VALUE(CALC2223!D93)>VALUE(LASTV),VALUE(CALC2223!F93)>VALUE(LASTV)) -> FALSE | O94: =OR(VALUE(CALC2223!H93)>VALUE(LASTV),VALUE(CALC2223!J93)>VALUE(LASTV),VALUE(CALC2223!L93)>VALUE(LASTV)) -> FALSE | P94: =OR(VALUE(CALC2223!N93)>VALUE(LASTV),VALUE(CALC2223!P93)>VALUE(LASTV),VALUE(CALC2223!R93)>VALUE(LASTV)) -> FALSE | Q94: =OR(VALUE(CALC2223!T93)>VALUE(LASTV),VALUE(CALC2223!V93)>VALUE(LASTV),VALUE(CALC2223!X93)>VALUE(LASTV)) -> FALSE | R94: =OR(VALUE(CALC2223!Z93)>VALUE(LASTV),VALUE(CALC2223!AB93)>VALUE(LASTV),VALUE(CALC2223!AD93)>VALUE(LASTV)) -> FALSE | S94: =OR(VALUE(CALC2223!AF93)>VALUE(LASTV),VALUE(CALC2223!AH93)>VALUE(LASTV),VALUE(CALC2223!AJ93)>VALUE(LASTV)) -> FALSE | T94: =OR(VALUE(CALC2223!AL93)>VALUE(LASTV),VALUE(CALC2223!AN93)>VALUE(LASTV),VALUE(CALC2223!AP93)>VALUE(LASTV)) -> FALSE | U94: =OR(VALUE(CALC2223!AR93)>VALUE(LASTV),VALUE(CALC2223!AT93)>VALUE(LASTV),VALUE(CALC2223!AV93)>VALUE(LASTV)) -> FALSE
B95: di | C95: 45993 | D95: =CONCATENATE(CALC2223!A94," ",CALC2223!C94," ",CALC2223!E94) | E95: =CONCATENATE(CALC2223!G94," ",CALC2223!I94," ",CALC2223!K94) | F95: =CONCATENATE(CALC2223!M94," ",CALC2223!O94," ",CALC2223!Q94) | G95: =CONCATENATE(CALC2223!S94," ",CALC2223!U94," ",CALC2223!W94) -> Rep NA | H95: =CONCATENATE(CALC2223!Y94," ",CALC2223!AA94," ",CALC2223!AC94) | I95: =CONCATENATE(CALC2223!AE94," ",CALC2223!AG94," ",CALC2223!AI94) | J95: =CONCATENATE(CALC2223!AK94," ",CALC2223!AM94," ",CALC2223!AO94) -> animus ouderavond | K95: =CONCATENATE(CALC2223!AQ94," ",CALC2223!AS94," ",CALC2223!AU94," ",CALC2223!AW94) | L95: =IF(C95<TODAY(),"verleden","actueel") -> verleden | N95: =OR(VALUE(CALC2223!B94)>VALUE(LASTV),VALUE(CALC2223!D94)>VALUE(LASTV),VALUE(CALC2223!F94)>VALUE(LASTV)) -> FALSE | O95: =OR(VALUE(CALC2223!H94)>VALUE(LASTV),VALUE(CALC2223!J94)>VALUE(LASTV),VALUE(CALC2223!L94)>VALUE(LASTV)) -> FALSE | P95: =OR(VALUE(CALC2223!N94)>VALUE(LASTV),VALUE(CALC2223!P94)>VALUE(LASTV),VALUE(CALC2223!R94)>VALUE(LASTV)) -> FALSE | Q95: =OR(VALUE(CALC2223!T94)>VALUE(LASTV),VALUE(CALC2223!V94)>VALUE(LASTV),VALUE(CALC2223!X94)>VALUE(LASTV)) -> FALSE | R95: =OR(VALUE(CALC2223!Z94)>VALUE(LASTV),VALUE(CALC2223!AB94)>VALUE(LASTV),VALUE(CALC2223!AD94)>VALUE(LASTV)) -> FALSE | S95: =OR(VALUE(CALC2223!AF94)>VALUE(LASTV),VALUE(CALC2223!AH94)>VALUE(LASTV),VALUE(CALC2223!AJ94)>VALUE(LASTV)) -> FALSE | T95: =OR(VALUE(CALC2223!AL94)>VALUE(LASTV),VALUE(CALC2223!AN94)>VALUE(LASTV),VALUE(CALC2223!AP94)>VALUE(LASTV)) -> FALSE | U95: =OR(VALUE(CALC2223!AR94)>VALUE(LASTV),VALUE(CALC2223!AT94)>VALUE(LASTV),VALUE(CALC2223!AV94)>VALUE(LASTV)) -> FALSE
B96: wo | C96: 45994 | D96: =CONCATENATE(CALC2223!A95," ",CALC2223!C95," ",CALC2223!E95) -> Rep EN | E96: =CONCATENATE(CALC2223!G95," ",CALC2223!I95," ",CALC2223!K95) | F96: =CONCATENATE(CALC2223!M95," ",CALC2223!O95," ",CALC2223!Q95) | G96: =CONCATENATE(CALC2223!S95," ",CALC2223!U95," ",CALC2223!W95) | H96: =CONCATENATE(CALC2223!Y95," ",CALC2223!AA95," ",CALC2223!AC95) -> SE WIA | I96: =CONCATENATE(CALC2223!AE95," ",CALC2223!AG95," ",CALC2223!AI95) | J96: =CONCATENATE(CALC2223!AK95," ",CALC2223!AM95," ",CALC2223!AO95) -> rleg burgerschap optie | K96: =CONCATENATE(CALC2223!AQ95," ",CALC2223!AS95," ",CALC2223!AU95," ",CALC2223!AW95) | L96: =IF(C96<TODAY(),"verleden","actueel") -> verleden | N96: =OR(VALUE(CALC2223!B95)>VALUE(LASTV),VALUE(CALC2223!D95)>VALUE(LASTV),VALUE(CALC2223!F95)>VALUE(LASTV)) -> FALSE | O96: =OR(VALUE(CALC2223!H95)>VALUE(LASTV),VALUE(CALC2223!J95)>VALUE(LASTV),VALUE(CALC2223!L95)>VALUE(LASTV)) -> FALSE | P96: =OR(VALUE(CALC2223!N95)>VALUE(LASTV),VALUE(CALC2223!P95)>VALUE(LASTV),VALUE(CALC2223!R95)>VALUE(LASTV)) -> FALSE | Q96: =OR(VALUE(CALC2223!T95)>VALUE(LASTV),VALUE(CALC2223!V95)>VALUE(LASTV),VALUE(CALC2223!X95)>VALUE(LASTV)) -> FALSE | R96: =OR(VALUE(CALC2223!Z95)>VALUE(LASTV),VALUE(CALC2223!AB95)>VALUE(LASTV),VALUE(CALC2223!AD95)>VALUE(LASTV)) -> FALSE | S96: =OR(VALUE(CALC2223!AF95)>VALUE(LASTV),VALUE(CALC2223!AH95)>VALUE(LASTV),VALUE(CALC2223!AJ95)>VALUE(LASTV)) -> FALSE | T96: =OR(VALUE(CALC2223!AL95)>VALUE(LASTV),VALUE(CALC2223!AN95)>VALUE(LASTV),VALUE(CALC2223!AP95)>VALUE(LASTV)) -> FALSE | U96: =OR(VALUE(CALC2223!AR95)>VALUE(LASTV),VALUE(CALC2223!AT95)>VALUE(LASTV),VALUE(CALC2223!AV95)>VALUE(LASTV)) -> FALSE
B97: do | C97: 45995 | D97: =CONCATENATE(CALC2223!A96," ",CALC2223!C96," ",CALC2223!E96) | E97: =CONCATENATE(CALC2223!G96," ",CALC2223!I96," ",CALC2223!K96) | F97: =CONCATENATE(CALC2223!M96," ",CALC2223!O96," ",CALC2223!Q96) -> Rep DUI | G97: =CONCATENATE(CALC2223!S96," ",CALC2223!U96," ",CALC2223!W96) -> SE ANW inh rep BI | H97: =CONCATENATE(CALC2223!Y96," ",CALC2223!AA96," ",CALC2223!AC96) -> inh rep NA | I97: =CONCATENATE(CALC2223!AE96," ",CALC2223!AG96," ",CALC2223!AI96) -> LO2:4 | J97: =CONCATENATE(CALC2223!AK96," ",CALC2223!AM96," ",CALC2223!AO96) -> 30'-rooster/docentenspreekmomenten 13.30-16.30 | K97: =CONCATENATE(CALC2223!AQ96," ",CALC2223!AS96," ",CALC2223!AU96," ",CALC2223!AW96) -> 30'-rooster/docentenspreekmomenten 13.30-16.30 info-avond ouders groep 8 | L97: =IF(C97<TODAY(),"verleden","actueel") -> verleden | N97: =OR(VALUE(CALC2223!B96)>VALUE(LASTV),VALUE(CALC2223!D96)>VALUE(LASTV),VALUE(CALC2223!F96)>VALUE(LASTV)) -> FALSE | O97: =OR(VALUE(CALC2223!H96)>VALUE(LASTV),VALUE(CALC2223!J96)>VALUE(LASTV),VALUE(CALC2223!L96)>VALUE(LASTV)) -> FALSE | P97: =OR(VALUE(CALC2223!N96)>VALUE(LASTV),VALUE(CALC2223!P96)>VALUE(LASTV),VALUE(CALC2223!R96)>VALUE(LASTV)) -> FALSE | Q97: =OR(VALUE(CALC2223!T96)>VALUE(LASTV),VALUE(CALC2223!V96)>VALUE(LASTV),VALUE(CALC2223!X96)>VALUE(LASTV)) -> FALSE | R97: =OR(VALUE(CALC2223!Z96)>VALUE(LASTV),VALUE(CALC2223!AB96)>VALUE(LASTV),VALUE(CALC2223!AD96)>VALUE(LASTV)) -> FALSE | S97: =OR(VALUE(CALC2223!AF96)>VALUE(LASTV),VALUE(CALC2223!AH96)>VALUE(LASTV),VALUE(CALC2223!AJ96)>VALUE(LASTV)) -> FALSE | T97: =OR(VALUE(CALC2223!AL96)>VALUE(LASTV),VALUE(CALC2223!AN96)>VALUE(LASTV),VALUE(CALC2223!AP96)>VALUE(LASTV)) -> FALSE | U97: =OR(VALUE(CALC2223!AR96)>VALUE(LASTV),VALUE(CALC2223!AT96)>VALUE(LASTV),VALUE(CALC2223!AV96)>VALUE(LASTV)) -> FALSE
B98: vr | C98: 45996 | D98: =CONCATENATE(CALC2223!A97," ",CALC2223!C97," ",CALC2223!E97) | E98: =CONCATENATE(CALC2223!G97," ",CALC2223!I97," ",CALC2223!K97) -> Rep NA | F98: =CONCATENATE(CALC2223!M97," ",CALC2223!O97," ",CALC2223!Q97) | G98: =CONCATENATE(CALC2223!S97," ",CALC2223!U97," ",CALC2223!W97) | H98: =CONCATENATE(CALC2223!Y97," ",CALC2223!AA97," ",CALC2223!AC97) | I98: =CONCATENATE(CALC2223!AE97," ",CALC2223!AG97," ",CALC2223!AI97) | J98: =CONCATENATE(CALC2223!AK97," ",CALC2223!AM97," ",CALC2223!AO97) | K98: =CONCATENATE(CALC2223!AQ97," ",CALC2223!AS97," ",CALC2223!AU97," ",CALC2223!AW97) | L98: =IF(C98<TODAY(),"verleden","actueel") -> verleden | N98: =OR(VALUE(CALC2223!B97)>VALUE(LASTV),VALUE(CALC2223!D97)>VALUE(LASTV),VALUE(CALC2223!F97)>VALUE(LASTV)) -> FALSE | O98: =OR(VALUE(CALC2223!H97)>VALUE(LASTV),VALUE(CALC2223!J97)>VALUE(LASTV),VALUE(CALC2223!L97)>VALUE(LASTV)) -> FALSE | P98: =OR(VALUE(CALC2223!N97)>VALUE(LASTV),VALUE(CALC2223!P97)>VALUE(LASTV),VALUE(CALC2223!R97)>VALUE(LASTV)) -> FALSE | Q98: =OR(VALUE(CALC2223!T97)>VALUE(LASTV),VALUE(CALC2223!V97)>VALUE(LASTV),VALUE(CALC2223!X97)>VALUE(LASTV)) -> FALSE | R98: =OR(VALUE(CALC2223!Z97)>VALUE(LASTV),VALUE(CALC2223!AB97)>VALUE(LASTV),VALUE(CALC2223!AD97)>VALUE(LASTV)) -> FALSE | S98: =OR(VALUE(CALC2223!AF97)>VALUE(LASTV),VALUE(CALC2223!AH97)>VALUE(LASTV),VALUE(CALC2223!AJ97)>VALUE(LASTV)) -> FALSE | T98: =OR(VALUE(CALC2223!AL97)>VALUE(LASTV),VALUE(CALC2223!AN97)>VALUE(LASTV),VALUE(CALC2223!AP97)>VALUE(LASTV)) -> FALSE | U98: =OR(VALUE(CALC2223!AR97)>VALUE(LASTV),VALUE(CALC2223!AT97)>VALUE(LASTV),VALUE(CALC2223!AV97)>VALUE(LASTV)) -> FALSE
B99: za | C99: 45997 | D99: =CONCATENATE(CALC2223!A98," ",CALC2223!C98," ",CALC2223!E98) | E99: =CONCATENATE(CALC2223!G98," ",CALC2223!I98," ",CALC2223!K98) | F99: =CONCATENATE(CALC2223!M98," ",CALC2223!O98," ",CALC2223!Q98) | G99: =CONCATENATE(CALC2223!S98," ",CALC2223!U98," ",CALC2223!W98) | H99: =CONCATENATE(CALC2223!Y98," ",CALC2223!AA98," ",CALC2223!AC98) | I99: =CONCATENATE(CALC2223!AE98," ",CALC2223!AG98," ",CALC2223!AI98) | J99: =CONCATENATE(CALC2223!AK98," ",CALC2223!AM98," ",CALC2223!AO98) | K99: =CONCATENATE(CALC2223!AQ98," ",CALC2223!AS98," ",CALC2223!AU98," ",CALC2223!AW98) | L99: =IF(C99<TODAY(),"verleden","actueel") -> verleden | N99: =OR(VALUE(CALC2223!B98)>VALUE(LASTV),VALUE(CALC2223!D98)>VALUE(LASTV),VALUE(CALC2223!F98)>VALUE(LASTV)) -> FALSE | O99: =OR(VALUE(CALC2223!H98)>VALUE(LASTV),VALUE(CALC2223!J98)>VALUE(LASTV),VALUE(CALC2223!L98)>VALUE(LASTV)) -> FALSE | P99: =OR(VALUE(CALC2223!N98)>VALUE(LASTV),VALUE(CALC2223!P98)>VALUE(LASTV),VALUE(CALC2223!R98)>VALUE(LASTV)) -> FALSE | Q99: =OR(VALUE(CALC2223!T98)>VALUE(LASTV),VALUE(CALC2223!V98)>VALUE(LASTV),VALUE(CALC2223!X98)>VALUE(LASTV)) -> FALSE | R99: =OR(VALUE(CALC2223!Z98)>VALUE(LASTV),VALUE(CALC2223!AB98)>VALUE(LASTV),VALUE(CALC2223!AD98)>VALUE(LASTV)) -> FALSE | S99: =OR(VALUE(CALC2223!AF98)>VALUE(LASTV),VALUE(CALC2223!AH98)>VALUE(LASTV),VALUE(CALC2223!AJ98)>VALUE(LASTV)) -> FALSE | T99: =OR(VALUE(CALC2223!AL98)>VALUE(LASTV),VALUE(CALC2223!AN98)>VALUE(LASTV),VALUE(CALC2223!AP98)>VALUE(LASTV)) -> FALSE | U99: =OR(VALUE(CALC2223!AR98)>VALUE(LASTV),VALUE(CALC2223!AT98)>VALUE(LASTV),VALUE(CALC2223!AV98)>VALUE(LASTV)) -> FALSE
B100: zo | C100: 45998 | D100: =CONCATENATE(CALC2223!A99," ",CALC2223!C99," ",CALC2223!E99) | E100: =CONCATENATE(CALC2223!G99," ",CALC2223!I99," ",CALC2223!K99) | F100: =CONCATENATE(CALC2223!M99," ",CALC2223!O99," ",CALC2223!Q99) | G100: =CONCATENATE(CALC2223!S99," ",CALC2223!U99," ",CALC2223!W99) | H100: =CONCATENATE(CALC2223!Y99," ",CALC2223!AA99," ",CALC2223!AC99) | I100: =CONCATENATE(CALC2223!AE99," ",CALC2223!AG99," ",CALC2223!AI99) | J100: =CONCATENATE(CALC2223!AK99," ",CALC2223!AM99," ",CALC2223!AO99) | K100: =CONCATENATE(CALC2223!AQ99," ",CALC2223!AS99," ",CALC2223!AU99," ",CALC2223!AW99) | L100: =IF(C100<TODAY(),"verleden","actueel") -> verleden | N100: =OR(VALUE(CALC2223!B99)>VALUE(LASTV),VALUE(CALC2223!D99)>VALUE(LASTV),VALUE(CALC2223!F99)>VALUE(LASTV)) -> FALSE | O100: =OR(VALUE(CALC2223!H99)>VALUE(LASTV),VALUE(CALC2223!J99)>VALUE(LASTV),VALUE(CALC2223!L99)>VALUE(LASTV)) -> FALSE | P100: =OR(VALUE(CALC2223!N99)>VALUE(LASTV),VALUE(CALC2223!P99)>VALUE(LASTV),VALUE(CALC2223!R99)>VALUE(LASTV)) -> FALSE | Q100: =OR(VALUE(CALC2223!T99)>VALUE(LASTV),VALUE(CALC2223!V99)>VALUE(LASTV),VALUE(CALC2223!X99)>VALUE(LASTV)) -> FALSE | R100: =OR(VALUE(CALC2223!Z99)>VALUE(LASTV),VALUE(CALC2223!AB99)>VALUE(LASTV),VALUE(CALC2223!AD99)>VALUE(LASTV)) -> FALSE | S100: =OR(VALUE(CALC2223!AF99)>VALUE(LASTV),VALUE(CALC2223!AH99)>VALUE(LASTV),VALUE(CALC2223!AJ99)>VALUE(LASTV)) -> FALSE | T100: =OR(VALUE(CALC2223!AL99)>VALUE(LASTV),VALUE(CALC2223!AN99)>VALUE(LASTV),VALUE(CALC2223!AP99)>VALUE(LASTV)) -> FALSE | U100: =OR(VALUE(CALC2223!AR99)>VALUE(LASTV),VALUE(CALC2223!AT99)>VALUE(LASTV),VALUE(CALC2223!AV99)>VALUE(LASTV)) -> FALSE
...

Sheet Legenda
A1: CURRENTV | B1: =C1 -> 46089 | C1: =Dashboard!$C$2 -> 46089 | D1: datum laatste synchronisatie met de outlook calendar
A2: LASTV | B2: =C2 -> 46082 | C2: =Dashboard!$D$2 -> 46082 | D2: referentiedatum voor onlangs gewijzigde activiteiten
A7: vakantie | C7: vakantiedag
A8: weekend | C8: weekenddag
A9: feest | C9: feestdag
A10: lesvrij | C10: roostervrije dag
A11: CGU | C11: CGU-week
A12: updated | C12: activiteit is onlangs (na de referentiedatum) nog gewijzigd
A14: G1 | C14: jaaragenda leerjaar G1
A15: G2 | C15: jaaragenda leerjaar G2
A16: G3 | C16: jaaragenda leerjaar G3
A17: G4 | C17: jaaragenda leerjaar G4
A18: G5 | C18: jaaragenda leerjaar G5
A19: G6 | C19: jaaragenda leerjaar G6
... A21: Algemeen | C21: jaaragenda algemeen AL

Sheet Dashboard
A1: Calendar | B1: Items | C1: Syncdate | D1: Refdate
A2: jaaragenda G1 | B2: =COUNTIF('G1'!D:D,"WAAR") -> 37 | C2: =TODAY() -> 46089 | D2: =C2-7 -> 46082
A3: jaaragenda G2 | B3: =COUNTIF('G2'!D:D,"WAAR") -> 40
A4: jaaragenda G3 | B4: =COUNTIF('G3'!D:D,"WAAR") -> 61
A5: jaaragenda G4 | B5: =COUNTIF('G4'!D:D,"WAAR") -> 124
A6: jaaragenda G5 | B6: =COUNTIF('G5'!D:D,"WAAR") -> 131
A7: jaaragenda G6 | B7: =COUNTIF('G6'!D:D,"WAAR") -> 101
A8: jaaragenda PE | B8: =COUNTIF(PE!D:D,"WAAR") -> 58
A9: jaaragenda AL | B9: =COUNTIF(AL!D:D,"WAAR") -> 75

Sheet CALC2223
A1: CALENDAR1_1 | B1: MOD1_1 | C1: CALENDAR1_2 | D1: MOD1_2 | E1: CALENDAR1_3 | F1: MOD1_3 | G1: CALENDAR2_1 | H1: MOD2_1 | I1: CALENDAR2_2 | J1: MOD2_2 | K1: CALENDAR2_3 | L1: MOD2_3 | M1: CALENDAR3_1 | N1: MOD3_1 | O1: CALENDAR3_2 | P1: MOD3_2 | Q1: CALENDAR3_3 | R1: MOD3_3 | S1: CALENDAR4_1 | T1: MOD4_1 | U1: CALENDAR4_2 | V1: MOD4_2 | W1: CALENDAR4_3 | X1: MOD4_3 | Y1: CALENDAR5_1 | Z1: MOD5_1 | AA1: CALENDAR5_2 | AB1: MOD5_2 | AC1: CALENDAR5_3 | AD1: MOD5_3 | AE1: CALENDAR6_1 | AF1: MOD6_1 | AG1: CALENDAR6_2 | AH1: MOD6_2 | AI1: CALENDAR6_3 | AJ1: MOD6_3 | AK1: CALENDAR7_1 | AL1: MOD7_1 | AM1: CALENDAR7_2 | AN1: MOD7_2 | AO1: CALENDAR7_3 | AP1: MOD7_3 | AQ1: CALENDAR8_1 | AR1: MOD8_1 | AS1: CALENDAR8_2 | AT1: MOD8_2 | AU1: CALENDAR8_3 | AV1: MOD8_3 | AW1: FEEST | AX1: NCAL1 | AY1: NCAL2 | AZ1: NCAL3 | BA1: NCAL4 | BB1: NCAL5 | BC1: NCAL6 | BD1: NCAL7 | BE1: NCAL8
A2: =IF(CALC2223!AX2>0,INDIRECT(ADDRESS(MATCH(Agenda2526!C3,'CAL1'!A:A,0),2,4,1,"CAL1")),"") | B2: =IF(CALC2223!AX2>0,INDIRECT(ADDRESS(MATCH(Agenda2526!C3,'CAL1'!A:A,0),3,4,1,"CAL1")),0) -> 0 | C2: =IF(CALC2223!AX2>1,INDIRECT(ADDRESS(MATCH(Agenda2526!C3,'CAL1'!A:A,0)+1,2,4,1,"CAL1")),"") | D2: =IF(CALC2223!AX2>1,INDIRECT(ADDRESS(MATCH(Agenda2526!C3,'CAL1'!A:A,0)+1,3,4,1,"CAL1")),0) -> 0 | E2: =IF(CALC2223!AX2>2,INDIRECT(ADDRESS(MATCH(Agenda2526!C3,'CAL1'!A:A,0)+2,2,4,1,"CAL1")),"") | F2: =IF(CALC2223!AX2>2,INDIRECT(ADDRESS(MATCH(Agenda2526!C3,'CAL1'!A:A,0)+2,3,4,1,"CAL1")),0) -> 0 | G2: =IF(CALC2223!AY2>0,INDIRECT(ADDRESS(MATCH(Agenda2526!C3,'CAL2'!A:A,0),2,4,1,"CAL2")),"") | H2: =IF(CALC2223!AY2>0,INDIRECT(ADDRESS(MATCH(Agenda2526!C3,'CAL2'!A:A,0),3,4,1,"CAL2")),0) -> 0 | I2: =IF(CALC2223!AY2>1,INDIRECT(ADDRESS(MATCH(Agenda2526!C3,'CAL2'!A:A,0)+1,2,4,1,"CAL2")),"") | J2: =IF(CALC2223!AY2>1,INDIRECT(ADDRESS(MATCH(Agenda2526!C3,'CAL2'!A:A,0)+1,3,4,1,"CAL2")),0) -> 0 | K2: =IF(CALC2223!AY2>2,INDIRECT(ADDRESS(MATCH(Agenda2526!C3,'CAL2'!A:A,0)+2,2,4,1,"CAL2")),"") | L2: =IF(CALC2223!AY2>2,INDIRECT(ADDRESS(MATCH(Agenda2526!C3,'CAL2'!A:A,0)+2,3,4,1,"CAL2")),0) -> 0 | M2: =IF(CALC2223!AZ2>0,INDIRECT(ADDRESS(MATCH(Agenda2526!C3,'CAL3'!A:A,0),2,4,1,"CAL3")),"") | N2: =IF(CALC2223!AZ2>0,INDIRECT(ADDRESS(MATCH(Agenda2526!C3,'CAL3'!A:A,0),3,4,1,"CAL3")),0) -> 0 | O2: =IF(CALC2223!AZ2>1,INDIRECT(ADDRESS(MATCH(Agenda2526!C3,'CAL3'!A:A,0)+1,2,4,1,"CAL3")),"") | P2: =IF(CALC2223!AZ2>1,INDIRECT(ADDRESS(MATCH(Agenda2526!C3,'CAL3'!A:A,0)+1,3,4,1,"CAL3")),0) -> 0 | Q2: =IF(CALC2223!AZ2>2,INDIRECT(ADDRESS(MATCH(Agenda2526!C3,'CAL3'!A:A,0)+2,2,4,1,"CAL3")),"") | R2: =IF(CALC2223!AZ2>2,INDIRECT(ADDRESS(MATCH(Agenda2526!C3,'CAL3'!A:A,0)+2,3,4,1,"CAL3")),0) -> 0 | S2: =IF(CALC2223!BA2>0,INDIRECT(ADDRESS(MATCH(Agenda2526!C3,'CAL4'!A:A,0),2,4,1,"CAL4")),"") | T2: =IF(CALC2223!BA2>0,INDIRECT(ADDRESS(MATCH(Agenda2526!C3,'CAL4'!A:A,0),3,4,1,"CAL4")),0) -> 0 | U2: =IF(CALC2223!BA2>1,INDIRECT(ADDRESS(MATCH(Agenda2526!C3,'CAL4'!A:A,0)+1,2,4,1,"CAL4")),"") | V2: =IF(CALC2223!BA2>1,INDIRECT(ADDRESS(MATCH(Agenda2526!C3,'CAL4'!A:A,0)+1,3,4,1,"CAL4")),0) -> 0 | W2: =IF(CALC2223!BA2>2,INDIRECT(ADDRESS(MATCH(Agenda2526!C3,'CAL4'!A:A,0)+2,2,4,1,"CAL4")),"") | X2: =IF(CALC2223!BA2>2,INDIRECT(ADDRESS(MATCH(Agenda2526!C3,'CAL4'!A:A,0)+2,3,4,1,"CAL4")),0) -> 0 | Y2: =IF(CALC2223!BB2>0,INDIRECT(ADDRESS(MATCH(Agenda2526!C3,'CAL5'!A:A,0),2,4,1,"CAL5")),"") | Z2: =IF(CALC2223!BB2>0,INDIRECT(ADDRESS(MATCH(Agenda2526!C3,'CAL5'!A:A,0),3,4,1,"CAL5")),0) -> 0 | AA2: =IF(CALC2223!BB2>1,INDIRECT(ADDRESS(MATCH(Agenda2526!C3,'CAL5'!A:A,0)+1,2,4,1,"CAL5")),"") | AB2: =IF(CALC2223!BB2>1,INDIRECT(ADDRESS(MATCH(Agenda2526!C3,'CAL5'!A:A,0)+1,3,4,1,"CAL5")),0) -> 0 | AC2: =IF(CALC2223!BB2>2,INDIRECT(ADDRESS(MATCH(Agenda2526!C3,'CAL5'!A:A,0)+2,2,4,1,"CAL5")),"") | AD2: =IF(CALC2223!BB2>2,INDIRECT(ADDRESS(MATCH(Agenda2526!C3,'CAL5'!A:A,0)+2,3,4,1,"CAL5")),0) -> 0 | AE2: =IF(CALC2223!BC2>0,INDIRECT(ADDRESS(MATCH(Agenda2526!C3,'CAL6'!A:A,0),2,4,1,"CAL6")),"") | AF2: =IF(CALC2223!BC2>0,INDIRECT(ADDRESS(MATCH(Agenda2526!C3,'CAL6'!A:A,0),3,4,1,"CAL6")),0) -> 0 | AG2: =IF(CALC2223!BC2>1,INDIRECT(ADDRESS(MATCH(Agenda2526!C3,'CAL6'!A:A,0)+1,2,4,1,"CAL6")),"") | AH2: =IF(CALC2223!BC2>1,INDIRECT(ADDRESS(MATCH(Agenda2526!C3,'CAL6'!A:A,0)+1,3,4,1,"CAL6")),0) -> 0 | AI2: =IF(CALC2223!BC2>2,INDIRECT(ADDRESS(MATCH(Agenda2526!C3,'CAL6'!A:A,0)+2,2,4,1,"CAL6")),"") | AJ2: =IF(CALC2223!BC2>2,INDIRECT(ADDRESS(MATCH(Agenda2526!C3,'CAL6'!A:A,0)+2,3,4,1,"CAL6")),0) -> 0 | AK2: =IF(CALC2223!BD2>0,INDIRECT(ADDRESS(MATCH(Agenda2526!C3,'CAL7'!A:A,0),2,4,1,"CAL7")),"") | AL2: =IF(CALC2223!BD2>0,INDIRECT(ADDRESS(MATCH(Agenda2526!C3,'CAL7'!A:A,0),3,4,1,"CAL7")),0) -> 0 | AM2: =IF(CALC2223!BD2>1,INDIRECT(ADDRESS(MATCH(Agenda2526!C3,'CAL7'!A:A,0)+1,2,4,1,"CAL7")),"") | AN2: =IF(CALC2223!BD2>1,INDIRECT(ADDRESS(MATCH(Agenda2526!C3,'CAL7'!A:A,0)+1,3,4,1,"CAL7")),0) -> 0 | AO2: =IF(CALC2223!BD2>2,INDIRECT(ADDRESS(MATCH(Agenda2526!C3,'CAL7'!A:A,0)+2,2,4,1,"CAL7")),"") | AP2: =IF(CALC2223!BD2>2,INDIRECT(ADDRESS(MATCH(Agenda2526!C3,'CAL7'!A:A,0)+2,3,4,1,"CAL7")),0) -> 0 | AQ2: =IF(CALC2223!BE2>0,INDIRECT(ADDRESS(MATCH(Agenda2526!C3,'CAL8'!A:A,0),2,4,1,"CAL8")),"") -> personeelsdag | AR2: =IF(CALC2223!BE2>0,INDIRECT(ADDRESS(MATCH(Agenda2526!C3,'CAL8'!A:A,0),3,4,1,"CAL8")),0) -> 45896 | AS2: =IF(CALC2223!BE2>1,INDIRECT(ADDRESS(MATCH(Agenda2526!C3,'CAL8'!A:A,0)+1,2,4,1,"CAL8")),"") | AT2: =IF(CALC2223!BE2>1,INDIRECT(ADDRESS(MATCH(Agenda2526!C3,'CAL8'!A:A,0)+1,3,4,1,"CAL8")),0) -> 0 | AU2: =IF(CALC2223!BE2>2,INDIRECT(ADDRESS(MATCH(Agenda2526!C3,'CAL8'!A:A,0)+2,2,4,1,"CAL8")),"") | AV2: =IF(CALC2223!BE2>2,INDIRECT(ADDRESS(MATCH(Agenda2526!C3,'CAL8'!A:A,0)+2,3,4,1,"CAL8")),0) -> 0 | AX2: =COUNTIF('CAL1'!A:A,Agenda2526!C3) -> 0 | AY2: =COUNTIF('CAL2'!A:A,Agenda2526!C3) -> 0 | AZ2: =COUNTIF('CAL3'!A:A,Agenda2526!C3) -> 0 | BA2: =COUNTIF('CAL4'!A:A,Agenda2526!C3) -> 0 | BB2: =COUNTIF('CAL5'!A:A,Agenda2526!C3) -> 0 | BC2: =COUNTIF('CAL6'!A:A,Agenda2526!C3) -> 0 | BD2: =COUNTIF('CAL7'!A:A,Agenda2526!C3) -> 0 | BE2: =COUNTIF('CAL8'!A:A,Agenda2526!C3) -> 1
A3: =IF(CALC2223!AX3>0,INDIRECT(ADDRESS(MATCH(Agenda2526!C4,'CAL1'!A:A,0),2,4,1,"CAL1")),"") | B3: =IF(CALC2223!AX3>0,INDIRECT(ADDRESS(MATCH(Agenda2526!C4,'CAL1'!A:A,0),3,4,1,"CAL1")),0) -> 0 | C3: =IF(CALC2223!AX3>1,INDIRECT(ADDRESS(MATCH(Agenda2526!C4,'CAL1'!A:A,0)+1,2,4,1,"CAL1")),"") | D3: =IF(CALC2223!AX3>1,INDIRECT(ADDRESS(MATCH(Agenda2526!C4,'CAL1'!A:A,0)+1,3,4,1,"CAL1")),0) -> 0 | E3: =IF(CALC2223!AX3>2,INDIRECT(ADDRESS(MATCH(Agenda2526!C4,'CAL1'!A:A,0)+2,2,4,1,"CAL1")),"") | F3: =IF(CALC2223!AX3>2,INDIRECT(ADDRESS(MATCH(Agenda2526!C4,'CAL1'!A:A,0)+2,3,4,1,"CAL1")),0) -> 0 | G3: =IF(CALC2223!AY3>0,INDIRECT(ADDRESS(MATCH(Agenda2526!C4,'CAL2'!A:A,0),2,4,1,"CAL2")),"") | H3: =IF(CALC2223!AY3>0,INDIRECT(ADDRESS(MATCH(Agenda2526!C4,'CAL2'!A:A,0),3,4,1,"CAL2")),0) -> 0 | I3: =IF(CALC2223!AY3>1,INDIRECT(ADDRESS(MATCH(Agenda2526!C4,'CAL2'!A:A,0)+1,2,4,1,"CAL2")),"") | J3: =IF(CALC2223!AY3>1,INDIRECT(ADDRESS(MATCH(Agenda2526!C4,'CAL2'!A:A,0)+1,3,4,1,"CAL2")),0) -> 0 | K3: =IF(CALC2223!AY3>2,INDIRECT(ADDRESS(MATCH(Agenda2526!C4,'CAL2'!A:A,0)+2,2,4,1,"CAL2")),"") | L3: =IF(CALC2223!AY3>2,INDIRECT(ADDRESS(MATCH(Agenda2526!C4,'CAL2'!A:A,0)+2,3,4,1,"CAL2")),0) -> 0 | M3: =IF(CALC2223!AZ3>0,INDIRECT(ADDRESS(MATCH(Agenda2526!C4,'CAL3'!A:A,0),2,4,1,"CAL3")),"") | N3: =IF(CALC2223!AZ3>0,INDIRECT(ADDRESS(MATCH(Agenda2526!C4,'CAL3'!A:A,0),3,4,1,"CAL3")),0) -> 0 | O3: =IF(CALC2223!AZ3>1,INDIRECT(ADDRESS(MATCH(Agenda2526!C4,'CAL3'!A:A,0)+1,2,4,1,"CAL3")),"") | P3: =IF(CALC2223!AZ3>1,INDIRECT(ADDRESS(MATCH(Agenda2526!C4,'CAL3'!A:A,0)+1,3,4,1,"CAL3")),0) -> 0 | Q3: =IF(CALC2223!AZ3>2,INDIRECT(ADDRESS(MATCH(Agenda2526!C4,'CAL3'!A:A,0)+2,2,4,1,"CAL3")),"") | R3: =IF(CALC2223!AZ3>2,INDIRECT(ADDRESS(MATCH(Agenda2526!C4,'CAL3'!A:A,0)+2,3,4,1,"CAL3")),0) -> 0 | S3: =IF(CALC2223!BA3>0,INDIRECT(ADDRESS(MATCH(Agenda2526!C4,'CAL4'!A:A,0),2,4,1,"CAL4")),"") | T3: =IF(CALC2223!BA3>0,INDIRECT(ADDRESS(MATCH(Agenda2526!C4,'CAL4'!A:A,0),3,4,1,"CAL4")),0) -> 0 | U3: =IF(CALC2223!BA3>1,INDIRECT(ADDRESS(MATCH(Agenda2526!C4,'CAL4'!A:A,0)+1,2,4,1,"CAL4")),"") | V3: =IF(CALC2223!BA3>1,INDIRECT(ADDRESS(MATCH(Agenda2526!C4,'CAL4'!A:A,0)+1,3,4,1,"CAL4")),0) -> 0 | W3: =IF(CALC2223!BA3>2,INDIRECT(ADDRESS(MATCH(Agenda2526!C4,'CAL4'!A:A,0)+2,2,4,1,"CAL4")),"") | X3: =IF(CALC2223!BA3>2,INDIRECT(ADDRESS(MATCH(Agenda2526!C4,'CAL4'!A:A,0)+2,3,4,1,"CAL4")),0) -> 0 | Y3: =IF(CALC2223!BB3>0,INDIRECT(ADDRESS(MATCH(Agenda2526!C4,'CAL5'!A:A,0),2,4,1,"CAL5")),"") | Z3: =IF(CALC2223!BB3>0,INDIRECT(ADDRESS(MATCH(Agenda2526!C4,'CAL5'!A:A,0),3,4,1,"CAL5")),0) -> 0 | AA3: =IF(CALC2223!BB3>1,INDIRECT(ADDRESS(MATCH(Agenda2526!C4,'CAL5'!A:A,0)+1,2,4,1,"CAL5")),"") | AB3: =IF(CALC2223!BB3>1,INDIRECT(ADDRESS(MATCH(Agenda2526!C4,'CAL5'!A:A,0)+1,3,4,1,"CAL5")),0) -> 0 | AC3: =IF(CALC2223!BB3>2,INDIRECT(ADDRESS(MATCH(Agenda2526!C4,'CAL5'!A:A,0)+2,2,4,1,"CAL5")),"") | AD3: =IF(CALC2223!BB3>2,INDIRECT(ADDRESS(MATCH(Agenda2526!C4,'CAL5'!A:A,0)+2,3,4,1,"CAL5")),0) -> 0 | AE3: =IF(CALC2223!BC3>0,INDIRECT(ADDRESS(MATCH(Agenda2526!C4,'CAL6'!A:A,0),2,4,1,"CAL6")),"") | AF3: =IF(CALC2223!BC3>0,INDIRECT(ADDRESS(MATCH(Agenda2526!C4,'CAL6'!A:A,0),3,4,1,"CAL6")),0) -> 0 | AG3: =IF(CALC2223!BC3>1,INDIRECT(ADDRESS(MATCH(Agenda2526!C4,'CAL6'!A:A,0)+1,2,4,1,"CAL6")),"") | AH3: =IF(CALC2223!BC3>1,INDIRECT(ADDRESS(MATCH(Agenda2526!C4,'CAL6'!A:A,0)+1,3,4,1,"CAL6")),0) -> 0 | AI3: =IF(CALC2223!BC3>2,INDIRECT(ADDRESS(MATCH(Agenda2526!C4,'CAL6'!A:A,0)+2,2,4,1,"CAL6")),"") | AJ3: =IF(CALC2223!BC3>2,INDIRECT(ADDRESS(MATCH(Agenda2526!C4,'CAL6'!A:A,0)+2,3,4,1,"CAL6")),0) -> 0 | AK3: =IF(CALC2223!BD3>0,INDIRECT(ADDRESS(MATCH(Agenda2526!C4,'CAL7'!A:A,0),2,4,1,"CAL7")),"") | AL3: =IF(CALC2223!BD3>0,INDIRECT(ADDRESS(MATCH(Agenda2526!C4,'CAL7'!A:A,0),3,4,1,"CAL7")),0) -> 0 | AM3: =IF(CALC2223!BD3>1,INDIRECT(ADDRESS(MATCH(Agenda2526!C4,'CAL7'!A:A,0)+1,2,4,1,"CAL7")),"") | AN3: =IF(CALC2223!BD3>1,INDIRECT(ADDRESS(MATCH(Agenda2526!C4,'CAL7'!A:A,0)+1,3,4,1,"CAL7")),0) -> 0 | AO3: =IF(CALC2223!BD3>2,INDIRECT(ADDRESS(MATCH(Agenda2526!C4,'CAL7'!A:A,0)+2,2,4,1,"CAL7")),"") | AP3: =IF(CALC2223!BD3>2,INDIRECT(ADDRESS(MATCH(Agenda2526!C4,'CAL7'!A:A,0)+2,3,4,1,"CAL7")),0) -> 0 | AQ3: =IF(CALC2223!BE3>0,INDIRECT(ADDRESS(MATCH(Agenda2526!C4,'CAL8'!A:A,0),2,4,1,"CAL8")),"") -> CGUweek1; fotograaf | AR3: =IF(CALC2223!BE3>0,INDIRECT(ADDRESS(MATCH(Agenda2526!C4,'CAL8'!A:A,0),3,4,1,"CAL8")),0) -> 45896 | AS3: =IF(CALC2223!BE3>1,INDIRECT(ADDRESS(MATCH(Agenda2526!C4,'CAL8'!A:A,0)+1,2,4,1,"CAL8")),"") | AT3: =IF(CALC2223!BE3>1,INDIRECT(ADDRESS(MATCH(Agenda2526!C4,'CAL8'!A:A,0)+1,3,4,1,"CAL8")),0) -> 0 | AU3: =IF(CALC2223!BE3>2,INDIRECT(ADDRESS(MATCH(Agenda2526!C4,'CAL8'!A:A,0)+2,2,4,1,"CAL8")),"") | AV3: =IF(CALC2223!BE3>2,INDIRECT(ADDRESS(MATCH(Agenda2526!C4,'CAL8'!A:A,0)+2,3,4,1,"CAL8")),0) -> 0 | AX3: =COUNTIF('CAL1'!A:A,Agenda2526!C4) -> 0 | AY3: =COUNTIF('CAL2'!A:A,Agenda2526!C4) -> 0 | AZ3: =COUNTIF('CAL3'!A:A,Agenda2526!C4) -> 0 | BA3: =COUNTIF('CAL4'!A:A,Agenda2526!C4) -> 0 | BB3: =COUNTIF('CAL5'!A:A,Agenda2526!C4) -> 0 | BC3: =COUNTIF('CAL6'!A:A,Agenda2526!C4) -> 0 | BD3: =COUNTIF('CAL7'!A:A,Agenda2526!C4) -> 0 | BE3: =COUNTIF('CAL8'!A:A,Agenda2526!C4) -> 1
A4: =IF(CALC2223!AX4>0,INDIRECT(ADDRESS(MATCH(Agenda2526!C5,'CAL1'!A:A,0),2,4,1,"CAL1")),"") | B4: =IF(CALC2223!AX4>0,INDIRECT(ADDRESS(MATCH(Agenda2526!C5,'CAL1'!A:A,0),3,4,1,"CAL1")),0) -> 0 | C4: =IF(CALC2223!AX4>1,INDIRECT(ADDRESS(MATCH(Agenda2526!C5,'CAL1'!A:A,0)+1,2,4,1,"CAL1")),"") | D4: =IF(CALC2223!AX4>1,INDIRECT(ADDRESS(MATCH(Agenda2526!C5,'CAL1'!A:A,0)+1,3,4,1,"CAL1")),0) -> 0 | E4: =IF(CALC2223!AX4>2,INDIRECT(ADDRESS(MATCH(Agenda2526!C5,'CAL1'!A:A,0)+2,2,4,1,"CAL1")),"") | F4: =IF(CALC2223!AX4>2,INDIRECT(ADDRESS(MATCH(Agenda2526!C5,'CAL1'!A:A,0)+2,3,4,1,"CAL1")),0) -> 0 | G4: =IF(CALC2223!AY4>0,INDIRECT(ADDRESS(MATCH(Agenda2526!C5,'CAL2'!A:A,0),2,4,1,"CAL2")),"") | H4: =IF(CALC2223!AY4>0,INDIRECT(ADDRESS(MATCH(Agenda2526!C5,'CAL2'!A:A,0),3,4,1,"CAL2")),0) -> 0 | I4: =IF(CALC2223!AY4>1,INDIRECT(ADDRESS(MATCH(Agenda2526!C5,'CAL2'!A:A,0)+1,2,4,1,"CAL2")),"") | J4: =IF(CALC2223!AY4>1,INDIRECT(ADDRESS(MATCH(Agenda2526!C5,'CAL2'!A:A,0)+1,3,4,1,"CAL2")),0) -> 0 | K4: =IF(CALC2223!AY4>2,INDIRECT(ADDRESS(MATCH(Agenda2526!C5,'CAL2'!A:A,0)+2,2,4,1,"CAL2")),"") | L4: =IF(CALC2223!AY4>2,INDIRECT(ADDRESS(MATCH(Agenda2526!C5,'CAL2'!A:A,0)+2,3,4,1,"CAL2")),0) -> 0 | M4: =IF(CALC2223!AZ4>0,INDIRECT(ADDRESS(MATCH(Agenda2526!C5,'CAL3'!A:A,0),2,4,1,"CAL3")),"") | N4: =IF(CALC2223!AZ4>0,INDIRECT(ADDRESS(MATCH(Agenda2526!C5,'CAL3'!A:A,0),3,4,1,"CAL3")),0) -> 0 | O4: =IF(CALC2223!AZ4>1,INDIRECT(ADDRESS(MATCH(Agenda2526!C5,'CAL3'!A:A,0)+1,2,4,1,"CAL3")),"") | P4: =IF(CALC2223!AZ4>1,INDIRECT(ADDRESS(MATCH(Agenda2526!C5,'CAL3'!A:A,0)+1,3,4,1,"CAL3")),0) -> 0 | Q4: =IF(CALC2223!AZ4>2,INDIRECT(ADDRESS(MATCH(Agenda2526!C5,'CAL3'!A:A,0)+2,2,4,1,"CAL3")),"") | R4: =IF(CALC2223!AZ4>2,INDIRECT(ADDRESS(MATCH(Agenda2526!C5,'CAL3'!A:A,0)+2,3,4,1,"CAL3")),0) -> 0 | S4: =IF(CALC2223!BA4>0,INDIRECT(ADDRESS(MATCH(Agenda2526!C5,'CAL4'!A:A,0),2,4,1,"CAL4")),"") | T4: =IF(CALC2223!BA4>0,INDIRECT(ADDRESS(MATCH(Agenda2526!C5,'CAL4'!A:A,0),3,4,1,"CAL4")),0) -> 0 | U4: =IF(CALC2223!BA4>1,INDIRECT(ADDRESS(MATCH(Agenda2526!C5,'CAL4'!A:A,0)+1,2,4,1,"CAL4")),"") | V4: =IF(CALC2223!BA4>1,INDIRECT(ADDRESS(MATCH(Agenda2526!C5,'CAL4'!A:A,0)+1,3,4,1,"CAL4")),0) -> 0 | W4: =IF(CALC2223!BA4>2,INDIRECT(ADDRESS(MATCH(Agenda2526!C5,'CAL4'!A:A,0)+2,2,4,1,"CAL4")),"") | X4: =IF(CALC2223!BA4>2,INDIRECT(ADDRESS(MATCH(Agenda2526!C5,'CAL4'!A:A,0)+2,3,4,1,"CAL4")),0) -> 0 | Y4: =IF(CALC2223!BB4>0,INDIRECT(ADDRESS(MATCH(Agenda2526!C5,'CAL5'!A:A,0),2,4,1,"CAL5")),"") | Z4: =IF(CALC2223!BB4>0,INDIRECT(ADDRESS(MATCH(Agenda2526!C5,'CAL5'!A:A,0),3,4,1,"CAL5")),0) -> 0 | AA4: =IF(CALC2223!BB4>1,INDIRECT(ADDRESS(MATCH(Agenda2526!C5,'CAL5'!A:A,0)+1,2,4,1,"CAL5")),"") | AB4: =IF(CALC2223!BB4>1,INDIRECT(ADDRESS(MATCH(Agenda2526!C5,'CAL5'!A:A,0)+1,3,4,1,"CAL5")),0) -> 0 | AC4: =IF(CALC2223!BB4>2,INDIRECT(ADDRESS(MATCH(Agenda2526!C5,'CAL5'!A:A,0)+2,2,4,1,"CAL5")),"") | AD4: =IF(CALC2223!BB4>2,INDIRECT(ADDRESS(MATCH(Agenda2526!C5,'CAL5'!A:A,0)+2,3,4,1,"CAL5")),0) -> 0 | AE4: =IF(CALC2223!BC4>0,INDIRECT(ADDRESS(MATCH(Agenda2526!C5,'CAL6'!A:A,0),2,4,1,"CAL6")),"") | AF4: =IF(CALC2223!BC4>0,INDIRECT(ADDRESS(MATCH(Agenda2526!C5,'CAL6'!A:A,0),3,4,1,"CAL6")),0) -> 0 | AG4: =IF(CALC2223!BC4>1,INDIRECT(ADDRESS(MATCH(Agenda2526!C5,'CAL6'!A:A,0)+1,2,4,1,"CAL6")),"") | AH4: =IF(CALC2223!BC4>1,INDIRECT(ADDRESS(MATCH(Agenda2526!C5,'CAL6'!A:A,0)+1,3,4,1,"CAL6")),0) -> 0 | AI4: =IF(CALC2223!BC4>2,INDIRECT(ADDRESS(MATCH(Agenda2526!C5,'CAL6'!A:A,0)+2,2,4,1,"CAL6")),"") | AJ4: =IF(CALC2223!BC4>2,INDIRECT(ADDRESS(MATCH(Agenda2526!C5,'CAL6'!A:A,0)+2,3,4,1,"CAL6")),0) -> 0 | AK4: =IF(CALC2223!BD4>0,INDIRECT(ADDRESS(MATCH(Agenda2526!C5,'CAL7'!A:A,0),2,4,1,"CAL7")),"") | AL4: =IF(CALC2223!BD4>0,INDIRECT(ADDRESS(MATCH(Agenda2526!C5,'CAL7'!A:A,0),3,4,1,"CAL7")),0) -> 0 | AM4: =IF(CALC2223!BD4>1,INDIRECT(ADDRESS(MATCH(Agenda2526!C5,'CAL7'!A:A,0)+1,2,4,1,"CAL7")),"") | AN4: =IF(CALC2223!BD4>1,INDIRECT(ADDRESS(MATCH(Agenda2526!C5,'CAL7'!A:A,0)+1,3,4,1,"CAL7")),0) -> 0 | AO4: =IF(CALC2223!BD4>2,INDIRECT(ADDRESS(MATCH(Agenda2526!C5,'CAL7'!A:A,0)+2,2,4,1,"CAL7")),"") | AP4: =IF(CALC2223!BD4>2,INDIRECT(ADDRESS(MATCH(Agenda2526!C5,'CAL7'!A:A,0)+2,3,4,1,"CAL7")),0) -> 0 | AQ4: =IF(CALC2223!BE4>0,INDIRECT(ADDRESS(MATCH(Agenda2526!C5,'CAL8'!A:A,0),2,4,1,"CAL8")),"") | AR4: =IF(CALC2223!BE4>0,INDIRECT(ADDRESS(MATCH(Agenda2526!C5,'CAL8'!A:A,0),3,4,1,"CAL8")),0) -> 0 | AS4: =IF(CALC2223!BE4>1,INDIRECT(ADDRESS(MATCH(Agenda2526!C5,'CAL8'!A:A,0)+1,2,4,1,"CAL8")),"") | AT4: =IF(CALC2223!BE4>1,INDIRECT(ADDRESS(MATCH(Agenda2526!C5,'CAL8'!A:A,0)+1,3,4,1,"CAL8")),0) -> 0 | AU4: =IF(CALC2223!BE4>2,INDIRECT(ADDRESS(MATCH(Agenda2526!C5,'CAL8'!A:A,0)+2,2,4,1,"CAL8")),"") | AV4: =IF(CALC2223!BE4>2,INDIRECT(ADDRESS(MATCH(Agenda2526!C5,'CAL8'!A:A,0)+2,3,4,1,"CAL8")),0) -> 0 | AX4: =COUNTIF('CAL1'!A:A,Agenda2526!C5) -> 0 | AY4: =COUNTIF('CAL2'!A:A,Agenda2526!C5) -> 0 | AZ4: =COUNTIF('CAL3'!A:A,Agenda2526!C5) -> 0 | BA4: =COUNTIF('CAL4'!A:A,Agenda2526!C5) -> 0 | BB4: =COUNTIF('CAL5'!A:A,Agenda2526!C5) -> 0 | BC4: =COUNTIF('CAL6'!A:A,Agenda2526!C5) -> 0 | BD4: =COUNTIF('CAL7'!A:A,Agenda2526!C5) -> 0 | BE4: =COUNTIF('CAL8'!A:A,Agenda2526!C5) -> 0
A5: =IF(CALC2223!AX5>0,INDIRECT(ADDRESS(MATCH(Agenda2526!C6,'CAL1'!A:A,0),2,4,1,"CAL1")),"") | B5: =IF(CALC2223!AX5>0,INDIRECT(ADDRESS(MATCH(Agenda2526!C6,'CAL1'!A:A,0),3,4,1,"CAL1")),0) -> 0 | C5: =IF(CALC2223!AX5>1,INDIRECT(ADDRESS(MATCH(Agenda2526!C6,'CAL1'!A:A,0)+1,2,4,1,"CAL1")),"") | D5: =IF(CALC2223!AX5>1,INDIRECT(ADDRESS(MATCH(Agenda2526!C6,'CAL1'!A:A,0)+1,3,4,1,"CAL1")),0) -> 0 | E5: =IF(CALC2223!AX5>2,INDIRECT(ADDRESS(MATCH(Agenda2526!C6,'CAL1'!A:A,0)+2,2,4,1,"CAL1")),"") | F5: =IF(CALC2223!AX5>2,INDIRECT(ADDRESS(MATCH(Agenda2526!C6,'CAL1'!A:A,0)+2,3,4,1,"CAL1")),0) -> 0 | G5: =IF(CALC2223!AY5>0,INDIRECT(ADDRESS(MATCH(Agenda2526!C6,'CAL2'!A:A,0),2,4,1,"CAL2")),"") | H5: =IF(CALC2223!AY5>0,INDIRECT(ADDRESS(MATCH(Agenda2526!C6,'CAL2'!A:A,0),3,4,1,"CAL2")),0) -> 0 | I5: =IF(CALC2223!AY5>1,INDIRECT(ADDRESS(MATCH(Agenda2526!C6,'CAL2'!A:A,0)+1,2,4,1,"CAL2")),"") | J5: =IF(CALC2223!AY5>1,INDIRECT(ADDRESS(MATCH(Agenda2526!C6,'CAL2'!A:A,0)+1,3,4,1,"CAL2")),0) -> 0 | K5: =IF(CALC2223!AY5>2,INDIRECT(ADDRESS(MATCH(Agenda2526!C6,'CAL2'!A:A,0)+2,2,4,1,"CAL2")),"") | L5: =IF(CALC2223!AY5>2,INDIRECT(ADDRESS(MATCH(Agenda2526!C6,'CAL2'!A:A,0)+2,3,4,1,"CAL2")),0) -> 0 | M5: =IF(CALC2223!AZ5>0,INDIRECT(ADDRESS(MATCH(Agenda2526!C6,'CAL3'!A:A,0),2,4,1,"CAL3")),"") | N5: =IF(CALC2223!AZ5>0,INDIRECT(ADDRESS(MATCH(Agenda2526!C6,'CAL3'!A:A,0),3,4,1,"CAL3")),0) -> 0 | O5: =IF(CALC2223!AZ5>1,INDIRECT(ADDRESS(MATCH(Agenda2526!C6,'CAL3'!A:A,0)+1,2,4,1,"CAL3")),"") | P5: =IF(CALC2223!AZ5>1,INDIRECT(ADDRESS(MATCH(Agenda2526!C6,'CAL3'!A:A,0)+1,3,4,1,"CAL3")),0) -> 0 | Q5: =IF(CALC2223!AZ5>2,INDIRECT(ADDRESS(MATCH(Agenda2526!C6,'CAL3'!A:A,0)+2,2,4,1,"CAL3")),"") | R5: =IF(CALC2223!AZ5>2,INDIRECT(ADDRESS(MATCH(Agenda2526!C6,'CAL3'!A:A,0)+2,3,4,1,"CAL3")),0) -> 0 | S5: =IF(CALC2223!BA5>0,INDIRECT(ADDRESS(MATCH(Agenda2526!C6,'CAL4'!A:A,0),2,4,1,"CAL4")),"") | T5: =IF(CALC2223!BA5>0,INDIRECT(ADDRESS(MATCH(Agenda2526!C6,'CAL4'!A:A,0),3,4,1,"CAL4")),0) -> 0 | U5: =IF(CALC2223!BA5>1,INDIRECT(ADDRESS(MATCH(Agenda2526!C6,'CAL4'!A:A,0)+1,2,4,1,"CAL4")),"") | V5: =IF(CALC2223!BA5>1,INDIRECT(ADDRESS(MATCH(Agenda2526!C6,'CAL4'!A:A,0)+1,3,4,1,"CAL4")),0) -> 0 | W5: =IF(CALC2223!BA5>2,INDIRECT(ADDRESS(MATCH(Agenda2526!C6,'CAL4'!A:A,0)+2,2,4,1,"CAL4")),"") | X5: =IF(CALC2223!BA5>2,INDIRECT(ADDRESS(MATCH(Agenda2526!C6,'CAL4'!A:A,0)+2,3,4,1,"CAL4")),0) -> 0 | Y5: =IF(CALC2223!BB5>0,INDIRECT(ADDRESS(MATCH(Agenda2526!C6,'CAL5'!A:A,0),2,4,1,"CAL5")),"") | Z5: =IF(CALC2223!BB5>0,INDIRECT(ADDRESS(MATCH(Agenda2526!C6,'CAL5'!A:A,0),3,4,1,"CAL5")),0) -> 0 | AA5: =IF(CALC2223!BB5>1,INDIRECT(ADDRESS(MATCH(Agenda2526!C6,'CAL5'!A:A,0)+1,2,4,1,"CAL5")),"") | AB5: =IF(CALC2223!BB5>1,INDIRECT(ADDRESS(MATCH(Agenda2526!C6,'CAL5'!A:A,0)+1,3,4,1,"CAL5")),0) -> 0 | AC5: =IF(CALC2223!BB5>2,INDIRECT(ADDRESS(MATCH(Agenda2526!C6,'CAL5'!A:A,0)+2,2,4,1,"CAL5")),"") | AD5: =IF(CALC2223!BB5>2,INDIRECT(ADDRESS(MATCH(Agenda2526!C6,'CAL5'!A:A,0)+2,3,4,1,"CAL5")),0) -> 0 | AE5: =IF(CALC2223!BC5>0,INDIRECT(ADDRESS(MATCH(Agenda2526!C6,'CAL6'!A:A,0),2,4,1,"CAL6")),"") | AF5: =IF(CALC2223!BC5>0,INDIRECT(ADDRESS(MATCH(Agenda2526!C6,'CAL6'!A:A,0),3,4,1,"CAL6")),0) -> 0 | AG5: =IF(CALC2223!BC5>1,INDIRECT(ADDRESS(MATCH(Agenda2526!C6,'CAL6'!A:A,0)+1,2,4,1,"CAL6")),"") | AH5: =IF(CALC2223!BC5>1,INDIRECT(ADDRESS(MATCH(Agenda2526!C6,'CAL6'!A:A,0)+1,3,4,1,"CAL6")),0) -> 0 | AI5: =IF(CALC2223!BC5>2,INDIRECT(ADDRESS(MATCH(Agenda2526!C6,'CAL6'!A:A,0)+2,2,4,1,"CAL6")),"") | AJ5: =IF(CALC2223!BC5>2,INDIRECT(ADDRESS(MATCH(Agenda2526!C6,'CAL6'!A:A,0)+2,3,4,1,"CAL6")),0) -> 0 | AK5: =IF(CALC2223!BD5>0,INDIRECT(ADDRESS(MATCH(Agenda2526!C6,'CAL7'!A:A,0),2,4,1,"CAL7")),"") -> secties#1 | AL5: =IF(CALC2223!BD5>0,INDIRECT(ADDRESS(MATCH(Agenda2526!C6,'CAL7'!A:A,0),3,4,1,"CAL7")),0) -> 45896 | AM5: =IF(CALC2223!BD5>1,INDIRECT(ADDRESS(MATCH(Agenda2526!C6,'CAL7'!A:A,0)+1,2,4,1,"CAL7")),"") | AN5: =IF(CALC2223!BD5>1,INDIRECT(ADDRESS(MATCH(Agenda2526!C6,'CAL7'!A:A,0)+1,3,4,1,"CAL7")),0) -> 0 | AO5: =IF(CALC2223!BD5>2,INDIRECT(ADDRESS(MATCH(Agenda2526!C6,'CAL7'!A:A,0)+2,2,4,1,"CAL7")),"") | AP5: =IF(CALC2223!BD5>2,INDIRECT(ADDRESS(MATCH(Agenda2526!C6,'CAL7'!A:A,0)+2,3,4,1,"CAL7")),0) -> 0 | AQ5: =IF(CALC2223!BE5>0,INDIRECT(ADDRESS(MATCH(Agenda2526!C6,'CAL8'!A:A,0),2,4,1,"CAL8")),"") -> ouderavond brugklas | AR5: =IF(CALC2223!BE5>0,INDIRECT(ADDRESS(MATCH(Agenda2526!C6,'CAL8'!A:A,0),3,4,1,"CAL8")),0) -> 45903 | AS5: =IF(CALC2223!BE5>1,INDIRECT(ADDRESS(MATCH(Agenda2526!C6,'CAL8'!A:A,0)+1,2,4,1,"CAL8")),"") | AT5: =IF(CALC2223!BE5>1,INDIRECT(ADDRESS(MATCH(Agenda2526!C6,'CAL8'!A:A,0)+1,3,4,1,"CAL8")),0) -> 0 | AU5: =IF(CALC2223!BE5>2,INDIRECT(ADDRESS(MATCH(Agenda2526!C6,'CAL8'!A:A,0)+2,2,4,1,"CAL8")),"") | AV5: =IF(CALC2223!BE5>2,INDIRECT(ADDRESS(MATCH(Agenda2526!C6,'CAL8'!A:A,0)+2,3,4,1,"CAL8")),0) -> 0 | AX5: =COUNTIF('CAL1'!A:A,Agenda2526!C6) -> 0 | AY5: =COUNTIF('CAL2'!A:A,Agenda2526!C6) -> 0 | AZ5: =COUNTIF('CAL3'!A:A,Agenda2526!C6) -> 0 | BA5: =COUNTIF('CAL4'!A:A,Agenda2526!C6) -> 0 | BB5: =COUNTIF('CAL5'!A:A,Agenda2526!C6) -> 0 | BC5: =COUNTIF('CAL6'!A:A,Agenda2526!C6) -> 0 | BD5: =COUNTIF('CAL7'!A:A,Agenda2526!C6) -> 1 | BE5: =COUNTIF('CAL8'!A:A,Agenda2526!C6) -> 1
A6: =IF(CALC2223!AX6>0,INDIRECT(ADDRESS(MATCH(Agenda2526!C7,'CAL1'!A:A,0),2,4,1,"CAL1")),"") | B6: =IF(CALC2223!AX6>0,INDIRECT(ADDRESS(MATCH(Agenda2526!C7,'CAL1'!A:A,0),3,4,1,"CAL1")),0) -> 0 | C6: =IF(CALC2223!AX6>1,INDIRECT(ADDRESS(MATCH(Agenda2526!C7,'CAL1'!A:A,0)+1,2,4,1,"CAL1")),"") | D6: =IF(CALC2223!AX6>1,INDIRECT(ADDRESS(MATCH(Agenda2526!C7,'CAL1'!A:A,0)+1,3,4,1,"CAL1")),0) -> 0 | E6: =IF(CALC2223!AX6>2,INDIRECT(ADDRESS(MATCH(Agenda2526!C7,'CAL1'!A:A,0)+2,2,4,1,"CAL1")),"") | F6: =IF(CALC2223!AX6>2,INDIRECT(ADDRESS(MATCH(Agenda2526!C7,'CAL1'!A:A,0)+2,3,4,1,"CAL1")),0) -> 0 | G6: =IF(CALC2223!AY6>0,INDIRECT(ADDRESS(MATCH(Agenda2526!C7,'CAL2'!A:A,0),2,4,1,"CAL2")),"") | H6: =IF(CALC2223!AY6>0,INDIRECT(ADDRESS(MATCH(Agenda2526!C7,'CAL2'!A:A,0),3,4,1,"CAL2")),0) -> 0 | I6: =IF(CALC2223!AY6>1,INDIRECT(ADDRESS(MATCH(Agenda2526!C7,'CAL2'!A:A,0)+1,2,4,1,"CAL2")),"") | J6: =IF(CALC2223!AY6>1,INDIRECT(ADDRESS(MATCH(Agenda2526!C7,'CAL2'!A:A,0)+1,3,4,1,"CAL2")),0) -> 0 | K6: =IF(CALC2223!AY6>2,INDIRECT(ADDRESS(MATCH(Agenda2526!C7,'CAL2'!A:A,0)+2,2,4,1,"CAL2")),"") | L6: =IF(CALC2223!AY6>2,INDIRECT(ADDRESS(MATCH(Agenda2526!C7,'CAL2'!A:A,0)+2,3,4,1,"CAL2")),0) -> 0 | M6: =IF(CALC2223!AZ6>0,INDIRECT(ADDRESS(MATCH(Agenda2526!C7,'CAL3'!A:A,0),2,4,1,"CAL3")),"") | N6: =IF(CALC2223!AZ6>0,INDIRECT(ADDRESS(MATCH(Agenda2526!C7,'CAL3'!A:A,0),3,4,1,"CAL3")),0) -> 0 | O6: =IF(CALC2223!AZ6>1,INDIRECT(ADDRESS(MATCH(Agenda2526!C7,'CAL3'!A:A,0)+1,2,4,1,"CAL3")),"") | P6: =IF(CALC2223!AZ6>1,INDIRECT(ADDRESS(MATCH(Agenda2526!C7,'CAL3'!A:A,0)+1,3,4,1,"CAL3")),0) -> 0 | Q6: =IF(CALC2223!AZ6>2,INDIRECT(ADDRESS(MATCH(Agenda2526!C7,'CAL3'!A:A,0)+2,2,4,1,"CAL3")),"") | R6: =IF(CALC2223!AZ6>2,INDIRECT(ADDRESS(MATCH(Agenda2526!C7,'CAL3'!A:A,0)+2,3,4,1,"CAL3")),0) -> 0 | S6: =IF(CALC2223!BA6>0,INDIRECT(ADDRESS(MATCH(Agenda2526!C7,'CAL4'!A:A,0),2,4,1,"CAL4")),"") | T6: =IF(CALC2223!BA6>0,INDIRECT(ADDRESS(MATCH(Agenda2526!C7,'CAL4'!A:A,0),3,4,1,"CAL4")),0) -> 0 | U6: =IF(CALC2223!BA6>1,INDIRECT(ADDRESS(MATCH(Agenda2526!C7,'CAL4'!A:A,0)+1,2,4,1,"CAL4")),"") | V6: =IF(CALC2223!BA6>1,INDIRECT(ADDRESS(MATCH(Agenda2526!C7,'CAL4'!A:A,0)+1,3,4,1,"CAL4")),0) -> 0 | W6: =IF(CALC2223!BA6>2,INDIRECT(ADDRESS(MATCH(Agenda2526!C7,'CAL4'!A:A,0)+2,2,4,1,"CAL4")),"") | X6: =IF(CALC2223!BA6>2,INDIRECT(ADDRESS(MATCH(Agenda2526!C7,'CAL4'!A:A,0)+2,3,4,1,"CAL4")),0) -> 0 | Y6: =IF(CALC2223!BB6>0,INDIRECT(ADDRESS(MATCH(Agenda2526!C7,'CAL5'!A:A,0),2,4,1,"CAL5")),"") | Z6: =IF(CALC2223!BB6>0,INDIRECT(ADDRESS(MATCH(Agenda2526!C7,'CAL5'!A:A,0),3,4,1,"CAL5")),0) -> 0 | AA6: =IF(CALC2223!BB6>1,INDIRECT(ADDRESS(MATCH(Agenda2526!C7,'CAL5'!A:A,0)+1,2,4,1,"CAL5")),"") | AB6: =IF(CALC2223!BB6>1,INDIRECT(ADDRESS(MATCH(Agenda2526!C7,'CAL5'!A:A,0)+1,3,4,1,"CAL5")),0) -> 0 | AC6: =IF(CALC2223!BB6>2,INDIRECT(ADDRESS(MATCH(Agenda2526!C7,'CAL5'!A:A,0)+2,2,4,1,"CAL5")),"") | AD6: =IF(CALC2223!BB6>2,INDIRECT(ADDRESS(MATCH(Agenda2526!C7,'CAL5'!A:A,0)+2,3,4,1,"CAL5")),0) -> 0 | AE6: =IF(CALC2223!BC6>0,INDIRECT(ADDRESS(MATCH(Agenda2526!C7,'CAL6'!A:A,0),2,4,1,"CAL6")),"") -> opgave herkansingen 17 uur | AF6: =IF(CALC2223!BC6>0,INDIRECT(ADDRESS(MATCH(Agenda2526!C7,'CAL6'!A:A,0),3,4,1,"CAL6")),0) -> 45896 | AG6: =IF(CALC2223!BC6>1,INDIRECT(ADDRESS(MATCH(Agenda2526!C7,'CAL6'!A:A,0)+1,2,4,1,"CAL6")),"") | AH6: =IF(CALC2223!BC6>1,INDIRECT(ADDRESS(MATCH(Agenda2526!C7,'CAL6'!A:A,0)+1,3,4,1,"CAL6")),0) -> 0 | AI6: =IF(CALC2223!BC6>2,INDIRECT(ADDRESS(MATCH(Agenda2526!C7,'CAL6'!A:A,0)+2,2,4,1,"CAL6")),"") | AJ6: =IF(CALC2223!BC6>2,INDIRECT(ADDRESS(MATCH(Agenda2526!C7,'CAL6'!A:A,0)+2,3,4,1,"CAL6")),0) -> 0 | AK6: =IF(CALC2223!BD6>0,INDIRECT(ADDRESS(MATCH(Agenda2526!C7,'CAL7'!A:A,0),2,4,1,"CAL7")),"") | AL6: =IF(CALC2223!BD6>0,INDIRECT(ADDRESS(MATCH(Agenda2526!C7,'CAL7'!A:A,0),3,4,1,"CAL7")),0) -> 0 | AM6: =IF(CALC2223!BD6>1,INDIRECT(ADDRESS(MATCH(Agenda2526!C7,'CAL7'!A:A,0)+1,2,4,1,"CAL7")),"") | AN6: =IF(CALC2223!BD6>1,INDIRECT(ADDRESS(MATCH(Agenda2526!C7,'CAL7'!A:A,0)+1,3,4,1,"CAL7")),0) -> 0 | AO6: =IF(CALC2223!BD6>2,INDIRECT(ADDRESS(MATCH(Agenda2526!C7,'CAL7'!A:A,0)+2,2,4,1,"CAL7")),"") | AP6: =IF(CALC2223!BD6>2,INDIRECT(ADDRESS(MATCH(Agenda2526!C7,'CAL7'!A:A,0)+2,3,4,1,"CAL7")),0) -> 0 | AQ6: =IF(CALC2223!BE6>0,INDIRECT(ADDRESS(MATCH(Agenda2526!C7,'CAL8'!A:A,0),2,4,1,"CAL8")),"") -> start lessen Lacadeia middag | AR6: =IF(CALC2223!BE6>0,INDIRECT(ADDRESS(MATCH(Agenda2526!C7,'CAL8'!A:A,0),3,4,1,"CAL8")),0) -> 45896 | AS6: =IF(CALC2223!BE6>1,INDIRECT(ADDRESS(MATCH(Agenda2526!C7,'CAL8'!A:A,0)+1,2,4,1,"CAL8")),"") | AT6: =IF(CALC2223!BE6>1,INDIRECT(ADDRESS(MATCH(Agenda2526!C7,'CAL8'!A:A,0)+1,3,4,1,"CAL8")),0) -> 0 | AU6: =IF(CALC2223!BE6>2,INDIRECT(ADDRESS(MATCH(Agenda2526!C7,'CAL8'!A:A,0)+2,2,4,1,"CAL8")),"") | AV6: =IF(CALC2223!BE6>2,INDIRECT(ADDRESS(MATCH(Agenda2526!C7,'CAL8'!A:A,0)+2,3,4,1,"CAL8")),0) -> 0 | AX6: =COUNTIF('CAL1'!A:A,Agenda2526!C7) -> 0 | AY6: =COUNTIF('CAL2'!A:A,Agenda2526!C7) -> 0 | AZ6: =COUNTIF('CAL3'!A:A,Agenda2526!C7) -> 0 | BA6: =COUNTIF('CAL4'!A:A,Agenda2526!C7) -> 0 | BB6: =COUNTIF('CAL5'!A:A,Agenda2526!C7) -> 0 | BC6: =COUNTIF('CAL6'!A:A,Agenda2526!C7) -> 1 | BD6: =COUNTIF('CAL7'!A:A,Agenda2526!C7) -> 0 | BE6: =COUNTIF('CAL8'!A:A,Agenda2526!C7) -> 1
A7: =IF(CALC2223!AX7>0,INDIRECT(ADDRESS(MATCH(Agenda2526!C8,'CAL1'!A:A,0),2,4,1,"CAL1")),"") | B7: =IF(CALC2223!AX7>0,INDIRECT(ADDRESS(MATCH(Agenda2526!C8,'CAL1'!A:A,0),3,4,1,"CAL1")),0) -> 0 | C7: =IF(CALC2223!AX7>1,INDIRECT(ADDRESS(MATCH(Agenda2526!C8,'CAL1'!A:A,0)+1,2,4,1,"CAL1")),"") | D7: =IF(CALC2223!AX7>1,INDIRECT(ADDRESS(MATCH(Agenda2526!C8,'CAL1'!A:A,0)+1,3,4,1,"CAL1")),0) -> 0 | E7: =IF(CALC2223!AX7>2,INDIRECT(ADDRESS(MATCH(Agenda2526!C8,'CAL1'!A:A,0)+2,2,4,1,"CAL1")),"") | F7: =IF(CALC2223!AX7>2,INDIRECT(ADDRESS(MATCH(Agenda2526!C8,'CAL1'!A:A,0)+2,3,4,1,"CAL1")),0) -> 0 | G7: =IF(CALC2223!AY7>0,INDIRECT(ADDRESS(MATCH(Agenda2526!C8,'CAL2'!A:A,0),2,4,1,"CAL2")),"") | H7: =IF(CALC2223!AY7>0,INDIRECT(ADDRESS(MATCH(Agenda2526!C8,'CAL2'!A:A,0),3,4,1,"CAL2")),0) -> 0 | I7: =IF(CALC2223!AY7>1,INDIRECT(ADDRESS(MATCH(Agenda2526!C8,'CAL2'!A:A,0)+1,2,4,1,"CAL2")),"") | J7: =IF(CALC2223!AY7>1,INDIRECT(ADDRESS(MATCH(Agenda2526!C8,'CAL2'!A:A,0)+1,3,4,1,"CAL2")),0) -> 0 | K7: =IF(CALC2223!AY7>2,INDIRECT(ADDRESS(MATCH(Agenda2526!C8,'CAL2'!A:A,0)+2,2,4,1,"CAL2")),"") | L7: =IF(CALC2223!AY7>2,INDIRECT(ADDRESS(MATCH(Agenda2526!C8,'CAL2'!A:A,0)+2,3,4,1,"CAL2")),0) -> 0 | M7: =IF(CALC2223!AZ7>0,INDIRECT(ADDRESS(MATCH(Agenda2526!C8,'CAL3'!A:A,0),2,4,1,"CAL3")),"") | N7: =IF(CALC2223!AZ7>0,INDIRECT(ADDRESS(MATCH(Agenda2526!C8,'CAL3'!A:A,0),3,4,1,"CAL3")),0) -> 0 | O7: =IF(CALC2223!AZ7>1,INDIRECT(ADDRESS(MATCH(Agenda2526!C8,'CAL3'!A:A,0)+1,2,4,1,"CAL3")),"") | P7: =IF(CALC2223!AZ7>1,INDIRECT(ADDRESS(MATCH(Agenda2526!C8,'CAL3'!A:A,0)+1,3,4,1,"CAL3")),0) -> 0 | Q7: =IF(CALC2223!AZ7>2,INDIRECT(ADDRESS(MATCH(Agenda2526!C8,'CAL3'!A:A,0)+2,2,4,1,"CAL3")),"") | R7: =IF(CALC2223!AZ7>2,INDIRECT(ADDRESS(MATCH(Agenda2526!C8,'CAL3'!A:A,0)+2,3,4,1,"CAL3")),0) -> 0 | S7: =IF(CALC2223!BA7>0,INDIRECT(ADDRESS(MATCH(Agenda2526!C8,'CAL4'!A:A,0),2,4,1,"CAL4")),"") | T7: =IF(CALC2223!BA7>0,INDIRECT(ADDRESS(MATCH(Agenda2526!C8,'CAL4'!A:A,0),3,4,1,"CAL4")),0) -> 0 | U7: =IF(CALC2223!BA7>1,INDIRECT(ADDRESS(MATCH(Agenda2526!C8,'CAL4'!A:A,0)+1,2,4,1,"CAL4")),"") | V7: =IF(CALC2223!BA7>1,INDIRECT(ADDRESS(MATCH(Agenda2526!C8,'CAL4'!A:A,0)+1,3,4,1,"CAL4")),0) -> 0 | W7: =IF(CALC2223!BA7>2,INDIRECT(ADDRESS(MATCH(Agenda2526!C8,'CAL4'!A:A,0)+2,2,4,1,"CAL4")),"") | X7: =IF(CALC2223!BA7>2,INDIRECT(ADDRESS(MATCH(Agenda2526!C8,'CAL4'!A:A,0)+2,3,4,1,"CAL4")),0) -> 0 | Y7: =IF(CALC2223!BB7>0,INDIRECT(ADDRESS(MATCH(Agenda2526!C8,'CAL5'!A:A,0),2,4,1,"CAL5")),"") | Z7: =IF(CALC2223!BB7>0,INDIRECT(ADDRESS(MATCH(Agenda2526!C8,'CAL5'!A:A,0),3,4,1,"CAL5")),0) -> 0 | AA7: =IF(CALC2223!BB7>1,INDIRECT(ADDRESS(MATCH(Agenda2526!C8,'CAL5'!A:A,0)+1,2,4,1,"CAL5")),"") | AB7: =IF(CALC2223!BB7>1,INDIRECT(ADDRESS(MATCH(Agenda2526!C8,'CAL5'!A:A,0)+1,3,4,1,"CAL5")),0) -> 0 | AC7: =IF(CALC2223!BB7>2,INDIRECT(ADDRESS(MATCH(Agenda2526!C8,'CAL5'!A:A,0)+2,2,4,1,"CAL5")),"") | AD7: =IF(CALC2223!BB7>2,INDIRECT(ADDRESS(MATCH(Agenda2526!C8,'CAL5'!A:A,0)+2,3,4,1,"CAL5")),0) -> 0 | AE7: =IF(CALC2223!BC7>0,INDIRECT(ADDRESS(MATCH(Agenda2526!C8,'CAL6'!A:A,0),2,4,1,"CAL6")),"") | AF7: =IF(CALC2223!BC7>0,INDIRECT(ADDRESS(MATCH(Agenda2526!C8,'CAL6'!A:A,0),3,4,1,"CAL6")),0) -> 0 | AG7: =IF(CALC2223!BC7>1,INDIRECT(ADDRESS(MATCH(Agenda2526!C8,'CAL6'!A:A,0)+1,2,4,1,"CAL6")),"") | AH7: =IF(CALC2223!BC7>1,INDIRECT(ADDRESS(MATCH(Agenda2526!C8,'CAL6'!A:A,0)+1,3,4,1,"CAL6")),0) -> 0 | AI7: =IF(CALC2223!BC7>2,INDIRECT(ADDRESS(MATCH(Agenda2526!C8,'CAL6'!A:A,0)+2,2,4,1,"CAL6")),"") | AJ7: =IF(CALC2223!BC7>2,INDIRECT(ADDRESS(MATCH(Agenda2526!C8,'CAL6'!A:A,0)+2,3,4,1,"CAL6")),0) -> 0 | AK7: =IF(CALC2223!BD7>0,INDIRECT(ADDRESS(MATCH(Agenda2526!C8,'CAL7'!A:A,0),2,4,1,"CAL7")),"") | AL7: =IF(CALC2223!BD7>0,INDIRECT(ADDRESS(MATCH(Agenda2526!C8,'CAL7'!A:A,0),3,4,1,"CAL7")),0) -> 0 | AM7: =IF(CALC2223!BD7>1,INDIRECT(ADDRESS(MATCH(Agenda2526!C8,'CAL7'!A:A,0)+1,2,4,1,"CAL7")),"") | AN7: =IF(CALC2223!BD7>1,INDIRECT(ADDRESS(MATCH(Agenda2526!C8,'CAL7'!A:A,0)+1,3,4,1,"CAL7")),0) -> 0 | AO7: =IF(CALC2223!BD7>2,INDIRECT(ADDRESS(MATCH(Agenda2526!C8,'CAL7'!A:A,0)+2,2,4,1,"CAL7")),"") | AP7: =IF(CALC2223!BD7>2,INDIRECT(ADDRESS(MATCH(Agenda2526!C8,'CAL7'!A:A,0)+2,3,4,1,"CAL7")),0) -> 0 | AQ7: =IF(CALC2223!BE7>0,INDIRECT(ADDRESS(MATCH(Agenda2526!C8,'CAL8'!A:A,0),2,4,1,"CAL8")),"") | AR7: =IF(CALC2223!BE7>0,INDIRECT(ADDRESS(MATCH(Agenda2526!C8,'CAL8'!A:A,0),3,4,1,"CAL8")),0) -> 0 | AS7: =IF(CALC2223!BE7>1,INDIRECT(ADDRESS(MATCH(Agenda2526!C8,'CAL8'!A:A,0)+1,2,4,1,"CAL8")),"") | AT7: =IF(CALC2223!BE7>1,INDIRECT(ADDRESS(MATCH(Agenda2526!C8,'CAL8'!A:A,0)+1,3,4,1,"CAL8")),0) -> 0 | AU7: =IF(CALC2223!BE7>2,INDIRECT(ADDRESS(MATCH(Agenda2526!C8,'CAL8'!A:A,0)+2,2,4,1,"CAL8")),"") | AV7: =IF(CALC2223!BE7>2,INDIRECT(ADDRESS(MATCH(Agenda2526!C8,'CAL8'!A:A,0)+2,3,4,1,"CAL8")),0) -> 0 | AX7: =COUNTIF('CAL1'!A:A,Agenda2526!C8) -> 0 | AY7: =COUNTIF('CAL2'!A:A,Agenda2526!C8) -> 0 | AZ7: =COUNTIF('CAL3'!A:A,Agenda2526!C8) -> 0 | BA7: =COUNTIF('CAL4'!A:A,Agenda2526!C8) -> 0 | BB7: =COUNTIF('CAL5'!A:A,Agenda2526!C8) -> 0 | BC7: =COUNTIF('CAL6'!A:A,Agenda2526!C8) -> 0 | BD7: =COUNTIF('CAL7'!A:A,Agenda2526!C8) -> 0 | BE7: =COUNTIF('CAL8'!A:A,Agenda2526!C8) -> 0
